/*
SQLyog Ultimate v12.09 (64 bit)
MySQL - 8.0.26 : Database - lstm_weibo_analysis
*********************************************************************
*/

/*!40101 SET NAMES utf8 */;

/*!40101 SET SQL_MODE=''*/;

/*!40014 SET @OLD_UNIQUE_CHECKS=@@UNIQUE_CHECKS, UNIQUE_CHECKS=0 */;
/*!40014 SET @OLD_FOREIGN_KEY_CHECKS=@@FOREIGN_KEY_CHECKS, FOREIGN_KEY_CHECKS=0 */;
/*!40101 SET @OLD_SQL_MODE=@@SQL_MODE, SQL_MODE='NO_AUTO_VALUE_ON_ZERO' */;
/*!40111 SET @OLD_SQL_NOTES=@@SQL_NOTES, SQL_NOTES=0 */;
CREATE DATABASE /*!32312 IF NOT EXISTS*/`lstm_weibo_analysis` /*!40100 DEFAULT CHARACTER SET utf8mb4 COLLATE utf8mb4_0900_ai_ci */ /*!80016 DEFAULT ENCRYPTION='N' */;

USE `lstm_weibo_analysis`;

/*Table structure for table `auth_group` */

DROP TABLE IF EXISTS `auth_group`;

CREATE TABLE `auth_group` (
  `id` int NOT NULL AUTO_INCREMENT,
  `name` varchar(150) NOT NULL,
  PRIMARY KEY (`id`),
  UNIQUE KEY `name` (`name`)
) ENGINE=InnoDB DEFAULT CHARSET=utf8mb4 COLLATE=utf8mb4_0900_ai_ci;

/*Data for the table `auth_group` */

/*Table structure for table `auth_group_permissions` */

DROP TABLE IF EXISTS `auth_group_permissions`;

CREATE TABLE `auth_group_permissions` (
  `id` bigint NOT NULL AUTO_INCREMENT,
  `group_id` int NOT NULL,
  `permission_id` int NOT NULL,
  PRIMARY KEY (`id`),
  UNIQUE KEY `auth_group_permissions_group_id_permission_id_0cd325b0_uniq` (`group_id`,`permission_id`),
  KEY `auth_group_permissio_permission_id_84c5c92e_fk_auth_perm` (`permission_id`),
  CONSTRAINT `auth_group_permissio_permission_id_84c5c92e_fk_auth_perm` FOREIGN KEY (`permission_id`) REFERENCES `auth_permission` (`id`),
  CONSTRAINT `auth_group_permissions_group_id_b120cbf9_fk_auth_group_id` FOREIGN KEY (`group_id`) REFERENCES `auth_group` (`id`)
) ENGINE=InnoDB DEFAULT CHARSET=utf8mb4 COLLATE=utf8mb4_0900_ai_ci;

/*Data for the table `auth_group_permissions` */

/*Table structure for table `auth_permission` */

DROP TABLE IF EXISTS `auth_permission`;

CREATE TABLE `auth_permission` (
  `id` int NOT NULL AUTO_INCREMENT,
  `name` varchar(255) NOT NULL,
  `content_type_id` int NOT NULL,
  `codename` varchar(100) NOT NULL,
  PRIMARY KEY (`id`),
  UNIQUE KEY `auth_permission_content_type_id_codename_01ab375a_uniq` (`content_type_id`,`codename`),
  CONSTRAINT `auth_permission_content_type_id_2f476e4b_fk_django_co` FOREIGN KEY (`content_type_id`) REFERENCES `django_content_type` (`id`)
) ENGINE=InnoDB AUTO_INCREMENT=33 DEFAULT CHARSET=utf8mb4 COLLATE=utf8mb4_0900_ai_ci;

/*Data for the table `auth_permission` */

insert  into `auth_permission`(`id`,`name`,`content_type_id`,`codename`) values (1,'Can add log entry',1,'add_logentry'),(2,'Can change log entry',1,'change_logentry'),(3,'Can delete log entry',1,'delete_logentry'),(4,'Can view log entry',1,'view_logentry'),(5,'Can add permission',2,'add_permission'),(6,'Can change permission',2,'change_permission'),(7,'Can delete permission',2,'delete_permission'),(8,'Can view permission',2,'view_permission'),(9,'Can add group',3,'add_group'),(10,'Can change group',3,'change_group'),(11,'Can delete group',3,'delete_group'),(12,'Can view group',3,'view_group'),(13,'Can add user',4,'add_user'),(14,'Can change user',4,'change_user'),(15,'Can delete user',4,'delete_user'),(16,'Can view user',4,'view_user'),(17,'Can add content type',5,'add_contenttype'),(18,'Can change content type',5,'change_contenttype'),(19,'Can delete content type',5,'delete_contenttype'),(20,'Can view content type',5,'view_contenttype'),(21,'Can add session',6,'add_session'),(22,'Can change session',6,'change_session'),(23,'Can delete session',6,'delete_session'),(24,'Can view session',6,'view_session'),(25,'Can add comment info',7,'add_commentinfo'),(26,'Can change comment info',7,'change_commentinfo'),(27,'Can delete comment info',7,'delete_commentinfo'),(28,'Can view comment info',7,'view_commentinfo'),(29,'Can add user info',8,'add_userinfo'),(30,'Can change user info',8,'change_userinfo'),(31,'Can delete user info',8,'delete_userinfo'),(32,'Can view user info',8,'view_userinfo');

/*Table structure for table `auth_user` */

DROP TABLE IF EXISTS `auth_user`;

CREATE TABLE `auth_user` (
  `id` int NOT NULL AUTO_INCREMENT,
  `password` varchar(128) NOT NULL,
  `last_login` datetime(6) DEFAULT NULL,
  `is_superuser` tinyint(1) NOT NULL,
  `username` varchar(150) NOT NULL,
  `first_name` varchar(150) NOT NULL,
  `last_name` varchar(150) NOT NULL,
  `email` varchar(254) NOT NULL,
  `is_staff` tinyint(1) NOT NULL,
  `is_active` tinyint(1) NOT NULL,
  `date_joined` datetime(6) NOT NULL,
  PRIMARY KEY (`id`),
  UNIQUE KEY `username` (`username`)
) ENGINE=InnoDB AUTO_INCREMENT=2 DEFAULT CHARSET=utf8mb4 COLLATE=utf8mb4_0900_ai_ci;

/*Data for the table `auth_user` */

insert  into `auth_user`(`id`,`password`,`last_login`,`is_superuser`,`username`,`first_name`,`last_name`,`email`,`is_staff`,`is_active`,`date_joined`) values (1,'pbkdf2_sha256$260000$K4XQSRfSv9PnxFqdQy9bge$QdPSqepIA2Hx/iG3LhCz0Rws61hmVtWtes1O//J1U6Y=','2025-07-24 06:49:50.972321',1,'admin','','','admin@163.com',1,1,'2025-07-24 06:49:20.452585');

/*Table structure for table `auth_user_groups` */

DROP TABLE IF EXISTS `auth_user_groups`;

CREATE TABLE `auth_user_groups` (
  `id` bigint NOT NULL AUTO_INCREMENT,
  `user_id` int NOT NULL,
  `group_id` int NOT NULL,
  PRIMARY KEY (`id`),
  UNIQUE KEY `auth_user_groups_user_id_group_id_94350c0c_uniq` (`user_id`,`group_id`),
  KEY `auth_user_groups_group_id_97559544_fk_auth_group_id` (`group_id`),
  CONSTRAINT `auth_user_groups_group_id_97559544_fk_auth_group_id` FOREIGN KEY (`group_id`) REFERENCES `auth_group` (`id`),
  CONSTRAINT `auth_user_groups_user_id_6a12ed8b_fk_auth_user_id` FOREIGN KEY (`user_id`) REFERENCES `auth_user` (`id`)
) ENGINE=InnoDB DEFAULT CHARSET=utf8mb4 COLLATE=utf8mb4_0900_ai_ci;

/*Data for the table `auth_user_groups` */

/*Table structure for table `auth_user_user_permissions` */

DROP TABLE IF EXISTS `auth_user_user_permissions`;

CREATE TABLE `auth_user_user_permissions` (
  `id` bigint NOT NULL AUTO_INCREMENT,
  `user_id` int NOT NULL,
  `permission_id` int NOT NULL,
  PRIMARY KEY (`id`),
  UNIQUE KEY `auth_user_user_permissions_user_id_permission_id_14a6b632_uniq` (`user_id`,`permission_id`),
  KEY `auth_user_user_permi_permission_id_1fbb5f2c_fk_auth_perm` (`permission_id`),
  CONSTRAINT `auth_user_user_permi_permission_id_1fbb5f2c_fk_auth_perm` FOREIGN KEY (`permission_id`) REFERENCES `auth_permission` (`id`),
  CONSTRAINT `auth_user_user_permissions_user_id_a95ead1b_fk_auth_user_id` FOREIGN KEY (`user_id`) REFERENCES `auth_user` (`id`)
) ENGINE=InnoDB DEFAULT CHARSET=utf8mb4 COLLATE=utf8mb4_0900_ai_ci;

/*Data for the table `auth_user_user_permissions` */

/*Table structure for table `django_admin_log` */

DROP TABLE IF EXISTS `django_admin_log`;

CREATE TABLE `django_admin_log` (
  `id` int NOT NULL AUTO_INCREMENT,
  `action_time` datetime(6) NOT NULL,
  `object_id` longtext,
  `object_repr` varchar(200) NOT NULL,
  `action_flag` smallint unsigned NOT NULL,
  `change_message` longtext NOT NULL,
  `content_type_id` int DEFAULT NULL,
  `user_id` int NOT NULL,
  PRIMARY KEY (`id`),
  KEY `django_admin_log_content_type_id_c4bce8eb_fk_django_co` (`content_type_id`),
  KEY `django_admin_log_user_id_c564eba6_fk_auth_user_id` (`user_id`),
  CONSTRAINT `django_admin_log_content_type_id_c4bce8eb_fk_django_co` FOREIGN KEY (`content_type_id`) REFERENCES `django_content_type` (`id`),
  CONSTRAINT `django_admin_log_user_id_c564eba6_fk_auth_user_id` FOREIGN KEY (`user_id`) REFERENCES `auth_user` (`id`),
  CONSTRAINT `django_admin_log_chk_1` CHECK ((`action_flag` >= 0))
) ENGINE=InnoDB DEFAULT CHARSET=utf8mb4 COLLATE=utf8mb4_0900_ai_ci;

/*Data for the table `django_admin_log` */

/*Table structure for table `django_content_type` */

DROP TABLE IF EXISTS `django_content_type`;

CREATE TABLE `django_content_type` (
  `id` int NOT NULL AUTO_INCREMENT,
  `app_label` varchar(100) NOT NULL,
  `model` varchar(100) NOT NULL,
  PRIMARY KEY (`id`),
  UNIQUE KEY `django_content_type_app_label_model_76bd3d3b_uniq` (`app_label`,`model`)
) ENGINE=InnoDB AUTO_INCREMENT=9 DEFAULT CHARSET=utf8mb4 COLLATE=utf8mb4_0900_ai_ci;

/*Data for the table `django_content_type` */

insert  into `django_content_type`(`id`,`app_label`,`model`) values (1,'admin','logentry'),(3,'auth','group'),(2,'auth','permission'),(4,'auth','user'),(5,'contenttypes','contenttype'),(7,'myApp','commentinfo'),(6,'sessions','session'),(8,'user','userinfo');

/*Table structure for table `django_migrations` */

DROP TABLE IF EXISTS `django_migrations`;

CREATE TABLE `django_migrations` (
  `id` bigint NOT NULL AUTO_INCREMENT,
  `app` varchar(255) NOT NULL,
  `name` varchar(255) NOT NULL,
  `applied` datetime(6) NOT NULL,
  PRIMARY KEY (`id`)
) ENGINE=InnoDB AUTO_INCREMENT=21 DEFAULT CHARSET=utf8mb4 COLLATE=utf8mb4_0900_ai_ci;

/*Data for the table `django_migrations` */

insert  into `django_migrations`(`id`,`app`,`name`,`applied`) values (1,'contenttypes','0001_initial','2025-07-23 06:52:59.491434'),(2,'auth','0001_initial','2025-07-23 06:53:01.684355'),(3,'admin','0001_initial','2025-07-23 06:53:02.453798'),(4,'admin','0002_logentry_remove_auto_add','2025-07-23 06:53:02.469139'),(5,'admin','0003_logentry_add_action_flag_choices','2025-07-23 06:53:02.481783'),(6,'contenttypes','0002_remove_content_type_name','2025-07-23 06:53:02.644425'),(7,'auth','0002_alter_permission_name_max_length','2025-07-23 06:53:02.726381'),(8,'auth','0003_alter_user_email_max_length','2025-07-23 06:53:02.772567'),(9,'auth','0004_alter_user_username_opts','2025-07-23 06:53:02.785284'),(10,'auth','0005_alter_user_last_login_null','2025-07-23 06:53:02.851869'),(11,'auth','0006_require_contenttypes_0002','2025-07-23 06:53:02.866319'),(12,'auth','0007_alter_validators_add_error_messages','2025-07-23 06:53:02.885226'),(13,'auth','0008_alter_user_username_max_length','2025-07-23 06:53:02.970029'),(14,'auth','0009_alter_user_last_name_max_length','2025-07-23 06:53:03.046241'),(15,'auth','0010_alter_group_name_max_length','2025-07-23 06:53:03.086443'),(16,'auth','0011_update_proxy_permissions','2025-07-23 06:53:03.124106'),(17,'auth','0012_alter_user_first_name_max_length','2025-07-23 06:53:03.181733'),(18,'myApp','0001_initial','2025-07-23 06:53:03.272141'),(19,'sessions','0001_initial','2025-07-23 06:53:03.404060'),(20,'user','0001_initial','2025-07-23 06:53:03.497298');

/*Table structure for table `django_session` */

DROP TABLE IF EXISTS `django_session`;

CREATE TABLE `django_session` (
  `session_key` varchar(40) NOT NULL,
  `session_data` longtext NOT NULL,
  `expire_date` datetime(6) NOT NULL,
  PRIMARY KEY (`session_key`),
  KEY `django_session_expire_date_a5c62663` (`expire_date`)
) ENGINE=InnoDB DEFAULT CHARSET=utf8mb4 COLLATE=utf8mb4_0900_ai_ci;

/*Data for the table `django_session` */

insert  into `django_session`(`session_key`,`session_data`,`expire_date`) values ('h5maomi52m8qmrs0t6fb4u1rh2p07pzt','eyJ1c2VybmFtZSI6ImFkbWluIiwidWlkIjoyLCJhdmF0YXIiOiIvc3RhdGljL2ltZy9kZWZhdWx0LmpwZyJ9:1ueVPe:Tpv78wSDDbBQP-U-eq_l4ONyNhd3pj9kfCHQuTVMTJA','2025-08-06 09:05:22.931268'),('wa0lkpmk8mqqe0d9b1nnxcdte9w12bsy','.eJzFVE1vozAU_CuRzwlgMJjm1t57zKlU0fMHxC1fsvFKUZX_vnaIdhWWTei20l7i6M34vTczwAeyRuoWGom2CESjWrRGVgm0jdcIfsAA2gGhGWBQPFRNFQpZgq2H4K2vHHUPdjjsfY-9v4TwdY0Bf5etB8QbtFUX8K4dtGKBpwQX1ATPnZD104V71eAA5uBus4xElEJCIhlDEkcUZzIpJeaxEJwRmrIH_IDTLOc0xkTSFHheRnnGAaeJINw3bWRrjev18lEgL7hA21WBno_Q9wVau7_KLTcWS9CrEjZcaV7LEWz8isbD1_eLwuaMk_PBwB2UAfYHibIFba2uRyw8mx82x8e-D3nXuG0H1ZZdOPJAiN1dqiNd6ExLEFzbhs2svETyab36LpmnVw9LJTyKoyieFvB02M4l_7VIaBrn7sjihH45Ev8cnn9ux3FNWxjFAqUzSfyruqnxZFpIZmOHMXbup6Qk5350kp83oCT5c6bxM81ByVpsoB4-Fda8APvLpmk4_ksxWv_XYH5TFobyPaLv5HZL6DSWbK6XdG_j_Ba-idnwrrphWaU729_xbOT8d9MWCZ1aRqeF9PSKTj8BEBQpiQ:1ueprT:uZAv_Yz7unLWJ8HMJgAIhsoNOg4gajAyNIWwDLET8zk','2025-08-07 06:55:27.946486'),('zl3gcutb1t6tdc618o7d0igs5hka7ki7','eyJ1c2VybmFtZSI6ImFkbWluIiwidWlkIjoyLCJhdmF0YXIiOiIvc3RhdGljL2ltZy9kZWZhdWx0LmpwZyJ9:1uelSQ:MfTZnbkAst2Rtil_NBkAarBx3DBcUiDGhXYLpgJ24DM','2025-08-07 02:13:18.500471');

/*Table structure for table `myapp_commentinfo` */

DROP TABLE IF EXISTS `myapp_commentinfo`;

CREATE TABLE `myapp_commentinfo` (
  `id` bigint NOT NULL AUTO_INCREMENT,
  `comment_text` longtext NOT NULL,
  `area` varchar(100) NOT NULL,
  `gender` varchar(20) NOT NULL,
  `fans_num` int NOT NULL,
  `follow_num` int NOT NULL,
  `pub_num` int NOT NULL,
  `comment_date` datetime(6) NOT NULL,
  `keyword` varchar(100) NOT NULL,
  `lstm_result` varchar(100) NOT NULL,
  `lstm_score` varchar(50) NOT NULL,
  PRIMARY KEY (`id`)
) ENGINE=InnoDB AUTO_INCREMENT=445 DEFAULT CHARSET=utf8mb4 COLLATE=utf8mb4_0900_ai_ci;

/*Data for the table `myapp_commentinfo` */

insert  into `myapp_commentinfo`(`id`,`comment_text`,`area`,`gender`,`fans_num`,`follow_num`,`pub_num`,`comment_date`,`keyword`,`lstm_result`,`lstm_score`) values (1,'太荒唐了','河北','女',128,102,60,'2025-06-27 20:56:28.000000','1岁工作22岁退休喜提69万退休金','中性','0.7099999785423279'),(2,'太正常了 我听说过好多毕业就领退休金的','广东','女',307,202,202,'2025-07-16 09:56:00.000000','1岁工作22岁退休喜提69万退休金','中性','0.9700000286102296'),(3,'县城婆罗门','山东','男',163,158,59,'2025-07-16 09:57:39.000000','1岁工作22岁退休喜提69万退休金','中性','0.5699999928474426'),(4,'有这种工作要学会分享啊我好为后代准备','江苏','女',10688,505,10190,'2025-07-16 09:57:10.000000','1岁工作22岁退休喜提69万退休金','消极','0.550000011920929'),(5,'县城婆罗门很正常','河南','男',39,1539,251,'2025-07-16 09:58:38.000000','1岁工作22岁退休喜提69万退休金','中性','0.7599999904632568'),(6,'……不是说都不够发','河北','女',52,300,157,'2025-07-16 09:58:26.000000','1岁工作22岁退休喜提69万退休金','中性','0.7300000190734863'),(7,'呵呵呵','安徽','男',170,180,27,'2025-06-27 08:24:00.000000','1岁工作22岁退休喜提69万退休金','中性','0.3799999952316284'),(8,'要他们还回来','浙江','女',5,254,133,'2025-07-16 10:11:59.000000','1岁工作22岁退休喜提69万退休金','中性','0.2899999916553497'),(9,'一定要追回我们的钱。','北京','女',205,522,2629,'2025-07-16 10:09:06.000000','1岁工作22岁退休喜提69万退休金','中性','0.3799999952316284'),(10,'离谱','江苏','女',160,229,10289,'2025-07-16 10:12:12.000000','1岁工作22岁退休喜提69万退休金','中性','0.3499999940395355'),(11,'能每个地方都查吗？我相信每个不透明的小地方都有！','上海','女',3,167,387,'2025-07-16 10:09:50.000000','1岁工作22岁退休喜提69万退休金','积极','1'),(12,'哦#山西蒲县疾控一职工1岁工作22岁退休#','湖北','女',291,2658,11890,'2025-07-16 10:08:26.000000','1岁工作22岁退休喜提69万退休金','中性','0.7900000214576721'),(13,'哎呀我去，天方夜谭这不就来了','河南','男',617,426,2513,'2025-07-16 09:58:47.000000','1岁工作22岁退休喜提69万退休金','中性','0.5600000023841858'),(14,'养老金就是这么没了的','海南','女',74,155,383,'2025-07-16 09:59:36.000000','1岁工作22岁退休喜提69万退休金','中性','0.8100000023841858'),(15,'这个影响xx吗','辽宁','男',38,138,67,'2025-07-16 10:12:43.000000','1岁工作22岁退休喜提69万退休金','中性','0.7300000190734863'),(16,'…','浙江','男',152,429,3036,'2025-07-16 10:12:37.000000','1岁工作22岁退休喜提69万退休金','中性','0.3600000143051147'),(17,'转发微博','北京','女',477,1936,5884,'2025-07-16 10:11:55.000000','1岁工作22岁退休喜提69万退休金','中性','0.4099999964237213'),(18,'太扯了吧','四川','女',332,820,748,'2025-07-16 10:11:48.000000','1岁工作22岁退休喜提69万退休金','中性','0.6800000071525574'),(19,'转发微博','上海','女',197,99,6121,'2025-07-16 10:11:46.000000','1岁工作22岁退休喜提69万退休金','中性','0.4099999964237213'),(20,'这套路马斯克熟','辽宁','男',32,311,951,'2025-07-16 10:10:35.000000','1岁工作22岁退休喜提69万退休金','中性','0.5299999713897705'),(21,'还笑对面200岁的','江苏','男',50,135,39,'2025-07-16 10:09:40.000000','1岁工作22岁退休喜提69万退休金','中性','0.6200000047683716'),(22,'如果你觉得太累了，是因为有人替你享受','浙江','男',556,464,753,'2025-07-16 10:09:23.000000','1岁工作22岁退休喜提69万退休金','积极','0.9800000190734864'),(23,'这种黑幕都不知道还有多少没被爆出来的','重庆','女',118,1668,418,'2025-07-16 10:09:21.000000','1岁工作22岁退休喜提69万退休金','中性','1'),(24,'这人不抓起来么','北京','男',56,261,314,'2025-07-16 10:08:45.000000','1岁工作22岁退休喜提69万退休金','中性','0.7799999713897705'),(25,'“为打工而生”','广东','女',12,33,89,'2025-07-16 10:08:43.000000','1岁工作22岁退休喜提69万退休金','积极','0.8700000047683716'),(26,'正常','福建','女',49,42,0,'2025-07-16 10:08:22.000000','1岁工作22岁退休喜提69万退休金','中性','0.4000000059604645'),(27,'@Dodogo_o','四川','女',381,137,0,'2025-07-16 10:05:44.000000','1岁工作22岁退休喜提69万退休金','中性','0.4699999988079071'),(28,'6','海外','女',39,259,1221,'2025-07-16 10:04:04.000000','1岁工作22岁退休喜提69万退休金','中性','0.3600000143051147'),(29,'@鸽子潮','湖南','男',471,316,877,'2025-07-16 10:02:35.000000','1岁工作22岁退休喜提69万退休金','中性','0.5199999809265137'),(30,'呵呵','云南','男',566,5373,23564,'2025-07-16 10:01:37.000000','1岁工作22岁退休喜提69万退休金','中性','0.3799999952316284'),(31,'好离谱','山西','女',27,447,138,'2025-07-16 10:00:52.000000','1岁工作22岁退休喜提69万退休金','中性','0.3400000035762787'),(32,'66666好算盘','广东','女',4,1004,1410,'2025-07-16 10:00:04.000000','1岁工作22岁退休喜提69万退休金','积极','0.6100000143051147'),(33,'不止这一个吧？','上海','女',78,72,68,'2025-07-16 09:59:56.000000','1岁工作22岁退休喜提69万退休金','中性','0.8399999737739563'),(34,'真敢呀？','河南','女',248,1130,11178,'2025-07-16 09:59:38.000000','1岁工作22岁退休喜提69万退休金','积极','0.6299999952316284'),(35,'又是我们','山西','男',221,705,506,'2025-07-16 09:59:27.000000','1岁工作22岁退休喜提69万退休金','中性','0.4699999988079071'),(36,'一个县都敢这样，可想而知','江苏','男',139,116,1294,'2025-07-16 09:59:25.000000','1岁工作22岁退休喜提69万退休金','积极','0.9399999976158142'),(37,'怎么敢的！','四川','男',301,543,1764,'2025-07-16 09:59:12.000000','1岁工作22岁退休喜提69万退休金','积极','0.6299999952316284'),(38,'也没什么处罚','安徽','男',123,401,4170,'2025-07-16 09:59:10.000000','1岁工作22岁退休喜提69万退休金','消极','0.7799999713897705'),(39,'转发微博','广东','男',520,888,7434,'2025-07-16 09:58:50.000000','1岁工作22岁退休喜提69万退休金','中性','0.4099999964237213'),(40,'唉','江苏','女',59,97,1487,'2025-07-16 09:58:03.000000','1岁工作22岁退休喜提69万退休金','中性','0.3600000143051147'),(41,'#山西蒲县疾控一职工1岁工作22岁退休# #山西蒲县疾控一职工1岁工作22岁退休# #山西蒲县疾控一职工1岁工作22岁退休#','天津','男',30,100,820,'2025-07-16 09:57:51.000000','1岁工作22岁退休喜提69万退休金','积极','1'),(42,'不懂就问，需要这么多人嘛','河北','女',69,383,560,'2025-07-16 09:57:01.000000','1岁工作22岁退休喜提69万退休金','消极','0.6200000047683716'),(43,'山西嘛，正常','陕西','男',92,32,20,'2025-07-16 09:56:08.000000','1岁工作22岁退休喜提69万退休金','中性','0.5099999904632568'),(44,'哈哈哈哈','湖南','男',7,128,12,'2025-07-16 09:55:18.000000','1岁工作22岁退休喜提69万退休金','中性','0.3799999952316284'),(45,'…','上海','女',214,5130,8943,'2025-07-16 09:55:13.000000','1岁工作22岁退休喜提69万退休金','中性','0.3600000143051147'),(46,'其实没必要报道、弄的好像很奇怪一样','浙江','男',28,27,21,'2025-07-16 10:10:33.000000','1岁工作22岁退休喜提69万退休金','积极','0.8799999952316284'),(47,'#山西蒲县疾控一职工1岁工作22岁退休# ？谁给办的能不能给我也办一个#现场直击#','浙江','男',11,34,9,'2025-07-16 09:58:29.000000','1岁工作22岁退休喜提69万退休金','积极','1'),(48,'叫什么名字？什么职位？怎么不公开？','海外','女',68,225,5881,'2025-07-16 09:57:08.000000','1岁工作22岁退休喜提69万退休金','中性','0.6399999856948853'),(49,'惩罚呢？','湖南','女',343,678,1927,'2025-07-16 10:12:56.000000','1岁工作22岁退休喜提69万退休金','中性','0.3899999856948852'),(50,'严查！','四川','女',69,131,104,'2025-07-16 10:12:23.000000','1岁工作22岁退休喜提69万退休金','中性','0.5299999713897705'),(51,'犯罪了吧','浙江','女',109,2250,12163,'2025-07-16 10:12:18.000000','1岁工作22岁退休喜提69万退休金','中性','0.5600000023841858'),(52,'应该不止篡改档案吧 某些便利应该孩子还没出生就已经安排进编占领岗位了吧','山东','女',317,259,1295,'2025-07-16 10:10:46.000000','1岁工作22岁退休喜提69万退休金','积极','0.9900000095367432'),(53,'驴得水？？？','安徽','男',28,54,30,'2025-07-16 10:10:30.000000','1岁工作22岁退休喜提69万退休金','中性','0.5099999904632568'),(54,'建议：限期自查，有违规主动退还，过期严办入狱。','北京','女',431,1428,13837,'2025-07-16 10:09:48.000000','1岁工作22岁退休喜提69万退休金','积极','0.7099999785423279'),(55,'前段时间说人美国300岁老人呢，看样子也是说人不如人呀。','海外','男',450,436,3669,'2025-07-16 10:08:39.000000','1岁工作22岁退休喜提69万退休金','积极','1'),(56,'唐僧肉，是个小鬼就想咬一口，关键还确实能咬上。','山东','男',21,406,1095,'2025-07-16 09:58:53.000000','1岁工作22岁退休喜提69万退休金','中性','0.5699999928474426'),(57,'这不是犯罪吗？涉嫌诈骗，69万，够判刑了。','江苏','男',7,204,102,'2025-07-16 09:57:59.000000','1岁工作22岁退休喜提69万退休金','中性','0.9900000095367432'),(58,'山西特色啊，泥马狗山西真是越来越离谱了','天津','男',16,56,247,'2025-07-16 09:57:39.000000','1岁工作22岁退休喜提69万退休金','中性','0.9200000166893004'),(59,'和美国三百岁老人领养老金有异曲同工之妙?','天津','男',149,275,330,'2025-07-16 09:57:17.000000','1岁工作22岁退休喜提69万退休金','积极','1'),(60,'这他妈比特朗普还离谱','湖南','男',32,93,10,'2025-07-16 09:56:13.000000','1岁工作22岁退休喜提69万退休金','中性','0.3799999952316284'),(61,'纳税人的钱去哪里了','湖南','女',46,312,1328,'2025-07-16 09:55:48.000000','1岁工作22岁退休喜提69万退休金','中性','0.7300000190734863'),(62,'跟美国差不多嘛，200岁还在领退休金','广东','男',787,363,13,'2025-07-16 09:55:42.000000','1岁工作22岁退休喜提69万退休金','积极','0.6299999952316284'),(63,'人豺','广东','男',509,139,9432,'2025-06-27 04:52:41.000000','1岁工作22岁退休喜提69万退休金','中性','0.3899999856948852'),(64,'不只要带大名，还要带工作单位，看看是哪个系统的关系户啊','湖北','男',543,2001,19989,'2025-07-15 20:42:11.000000','1岁工作22岁退休喜提69万退休金','积极','1'),(65,'2.8w人偷了5e，这5e还只是400e的零头大头谁吃了','上海','男',159,503,2488,'2025-07-16 07:10:25.000000','1岁工作22岁退休喜提69万退休金','中性','0.9800000190734864'),(66,'所以是怎么过审的，审核部分和发放部门不追责吗？','上海','女',31457,1000,39313,'2025-07-15 20:49:55.000000','1岁工作22岁退休喜提69万退休金','中性','1'),(67,'一边不够，一边又狂拿是吧。。。','北京','女',204,401,13146,'2025-07-15 21:44:12.000000','1岁工作22岁退休喜提69万退休金','积极','0.9700000286102296'),(68,'热搜在哪里通报在哪里大名在哪里','广东','女',1059,470,3566,'2025-07-15 21:24:10.000000','1岁工作22岁退休喜提69万退休金','积极','0.6399999856948853'),(69,'我也想22岁退休','台湾','女',386,408,3540,'2025-07-15 20:42:07.000000','1岁工作22岁退休喜提69万退休金','中性','0.4099999964237213'),(70,'前阵子还笑话老美，','天津','男',228,82,285,'2025-07-16 08:51:46.000000','1岁工作22岁退休喜提69万退休金','积极','0.9300000071525574'),(71,'这难道不是有损国格吗','河南','女',263,1033,6621,'2025-07-16 07:46:25.000000','1岁工作22岁退休喜提69万退休金','中性','0.7200000286102295'),(72,'一边抱怨没有人养老，一边利用能利用的一切去占用别人的养老生命谋财害命真有你的','上海','男',83,309,15,'2025-07-16 09:22:26.000000','1岁工作22岁退休喜提69万退休金','积极','1'),(73,'身边就有30多点就不上班一直领工资的，还有20多年没上过班占着编制到退休领退休金的。觉得自己天天那么辛苦好无助。','湖北','女',49,336,2834,'2025-07-16 09:02:20.000000','1岁工作22岁退休喜提69万退休金','积极','0.9300000071525574'),(74,'能不能实名制啊','安徽','女',351,1594,8197,'2025-07-16 09:17:53.000000','1岁工作22岁退休喜提69万退休金','中性','0.2899999916553497'),(75,'监守自盗的蛀虫','黑龙江','女',6,649,580,'2025-07-16 09:38:03.000000','1岁工作22岁退休喜提69万退休金','中性','0.4600000083446502'),(76,'@中国新闻网 带有真实姓名报道一下呢','海外','女',24,1654,3133,'2025-07-16 09:28:17.000000','1岁工作22岁退休喜提69万退休金','积极','0.6000000238418579'),(77,'山西真是贴合刻板印象 敢不敢公布出来挪用详情啊','香港','女',36,1295,1408,'2025-07-16 07:32:01.000000','1岁工作22岁退休喜提69万退休金','积极','1'),(78,'还以为美国从明代活到现在很牛逼了。没想到我们还有出生就能打工的天选牛马。','浙江','男',273,371,264,'2025-07-16 09:39:31.000000','1岁工作22岁退休喜提69万退休金','积极','1'),(79,'就应该曝光一下扬我国威//@Sheona_Nickrick见过柠梨版:easy媒体//@半熟芝士吃不够:这种真正该曝光审判 而且确实违法犯罪的反而没有媒体去实名报道了啊','北京','男',17,311,2233,'2025-07-16 03:56:54.000000','1岁工作22岁退休喜提69万退休金','积极','1'),(80,'我也想啊','广东','女',46,310,3000,'2025-07-15 22:21:28.000000','1岁工作22岁退休喜提69万退休金','中性','0.4199999868869781'),(81,'冰山一块罢了','河南','男',387,595,56,'2025-07-16 09:40:32.000000','1岁工作22岁退休喜提69万退休金','中性','0.5199999809265137'),(82,'移交纪委啊，直接操作人应该判刑，审批人应该定渎职罪','江苏','女',19,161,2305,'2025-07-16 09:40:28.000000','1岁工作22岁退休喜提69万退休金','中性','1'),(83,'通报呢？单位呢？大名呢？全媒体报道呢？这下遮遮掩掩了？','海外','女',342,421,2634,'2025-07-16 09:20:05.000000','1岁工作22岁退休喜提69万退休金','积极','1'),(84,'我交的钱','广东','男',160,183,1515,'2025-07-16 08:58:54.000000','1岁工作22岁退休喜提69万退休金','中性','0.6299999952316284'),(85,'还钱','云南','女',1113,1675,13426,'2025-07-15 21:30:03.000000','1岁工作22岁退休喜提69万退休金','中性','0.4900000095367431'),(86,'姓名，籍贯，单位之类麻烦也爆出来！敢贪污敢作假就得拉出来游街，游街完该赔钱赔钱，该坐牢坐牢，谢谢！这要放在朱元璋时期，还得剥皮萱草呢，现在已经很仁慈了','广东','女',92,198,3646,'2025-07-16 10:10:10.000000','1岁工作22岁退休喜提69万退休金','积极','1'),(87,'@惊起一摊肥猫 @悦哒悦哒 我靠我看见这个我头皮发麻','北京','女',141,762,1552,'2025-07-16 09:49:34.000000','1岁工作22岁退休喜提69万退休金','积极','1'),(88,'不懂就问，这个算有损国格吗@大连工业大学','西藏','女',72,728,378,'2025-07-16 09:45:32.000000','1岁工作22岁退休喜提69万退休金','中性','0.9900000095367432'),(89,'一岁是来不及了，我想现在退休领退休金行不行啊','安徽','女',16,377,1299,'2025-07-16 09:42:47.000000','1岁工作22岁退休喜提69万退休金','中性','1'),(90,'我希望我能从妈妈还在姥姥肚子里的时候就开始算我的工龄','福建','女',86,119,425,'2025-07-16 09:31:39.000000','1岁工作22岁退休喜提69万退休金','中性','0.9300000071525574'),(91,'怎么处罚的？总该有人坐牢吧？？这不是最根本的严重事件吗？养老保险还要哭穷吗？？？','四川','男',304,1675,2572,'2025-07-16 09:16:20.000000','1岁工作22岁退休喜提69万退休金','积极','1'),(92,'山西每次出名都不是啥好事','山西','男',144,168,877,'2025-07-16 09:01:05.000000','1岁工作22岁退休喜提69万退休金','积极','0.8100000023841858'),(93,'#1岁工作22岁退休# 简直是天才，霉一个适人','湖北','女',236,2261,1738,'2025-07-16 00:46:32.000000','1岁工作22岁退休喜提69万退休金','中性','1'),(94,'这种好离谱啊','海外','女',39,696,1851,'2025-07-15 21:52:06.000000','1岁工作22岁退休喜提69万退休金','中性','0.3499999940395355'),(95,'怎么过审的，审核部分和发放部门不追责吗？','海外','女',1422994,744,74130,'2025-07-16 09:49:26.000000','1岁工作22岁退休喜提69万退休金','中性','1'),(96,'热搜不说了嘛1岁工作22岁“退休”，估计这些时日人已经“安息”了！','海外','女',29325,16,613,'2025-07-16 09:45:20.000000','1岁工作22岁退休喜提69万退休金','积极','1'),(97,'离谱的不是「1岁工作22岁退休」而是『层层过审』','北京','男',1908911,478,26289,'2025-07-16 09:40:23.000000','1岁工作22岁退休喜提69万退休金','中性','0.9900000095367432'),(98,'绝了绝了','海外','女',42,288,92,'2025-07-16 09:29:42.000000','1岁工作22岁退休喜提69万退休金','中性','0.8299999833106995'),(99,'这合理吗','浙江','女',20377,291,1043,'2025-07-16 10:06:09.000000','1岁工作22岁退休喜提69万退休金','中性','0.6000000238418579'),(100,'1岁工作，活到360岁','北京','男',67,201,28,'2025-07-16 09:52:08.000000','1岁工作22岁退休喜提69万退休金','中性','0.6800000071525574'),(101,'#1岁工作22岁退休喜提69万退休金# 查到最后都是官员家属，普通人没这能力。','上海','女',243479,92,6372,'2025-07-16 09:48:43.000000','1岁工作22岁退休喜提69万退休金','积极','1'),(102,'姓名都通报一下啊','重庆','女',2561,302,9486,'2025-07-16 09:46:48.000000','1岁工作22岁退休喜提69万退休金','中性','0.7699999809265137'),(103,'家族传承吾辈责嘛，要是去网吧上班哪有时间多泡几个开枝散叶','四川','男',452,565,19423,'2025-07-16 09:46:32.000000','1岁工作22岁退休喜提69万退休金','中性','0.9700000286102296'),(104,'那我这么多年交的社保算什么','四川','女',481,2716,7315,'2025-07-16 09:45:35.000000','1岁工作22岁退休喜提69万退休金','中性','0.7900000214576721'),(105,'怎么会这么贱啊','四川','女',295,136,6291,'2025-07-16 09:43:55.000000','1岁工作22岁退休喜提69万退休金','中性','0.4399999976158142'),(106,'被谁 25省份呢不写清楚点','新疆','男',250,3361,24530,'2025-07-16 09:41:24.000000','1岁工作22岁退休喜提69万退休金','中性','0.5400000214576721'),(107,'立了个大谱','广东','女',10405,220,1070,'2025-07-16 09:41:08.000000','1岁工作22岁退休喜提69万退休金','中性','0.5899999737739563'),(108,'这怎么不是输在起跑线上呢？我大学还没毕业，别人已经退休了#1岁工作22岁退休#','上海','女',726,438,59275,'2025-07-16 09:40:46.000000','1岁工作22岁退休喜提69万退休金','积极','1'),(109,'啧啧啧','广西','女',240,418,1261,'2025-07-16 09:39:31.000000','1岁工作22岁退休喜提69万退休金','中性','0.3600000143051147'),(110,'是人话吗？怎么连起来我都要看不懂了，腐败到这种地步吗','安徽','男',64,159,317,'2025-07-16 09:34:25.000000','1岁工作22岁退休喜提69万退休金','积极','1'),(111,'前同事82年出生的  15岁就开始交社保了如何呢','宁夏','男',84,165,472,'2025-07-16 09:34:15.000000','1岁工作22岁退休喜提69万退休金','积极','1'),(112,'有没有可能是个假人','浙江','男',736077,613,20409,'2025-07-16 09:33:56.000000','1岁工作22岁退休喜提69万退休金','消极','0.8199999928474426'),(113,'我交的钱啊哎','广东','女',782,412,6926,'2025-07-16 09:30:46.000000','1岁工作22岁退休喜提69万退休金','中性','0.8100000023841858'),(114,'今年社保又贵了 又要补交 这么国库空虚吗 钱去这些人手里了','浙江','女',24600,291,631,'2025-07-16 09:30:45.000000','1岁工作22岁退休喜提69万退休金','中性','1'),(115,'这样的蛆虫不知道有多少呢，曝不完的','云南','女',8,103,6,'2025-07-16 09:28:35.000000','1岁工作22岁退休喜提69万退休金','中性','0.8899999856948853'),(116,'@恋爱脑袋小志志','陕西','女',216,94,222,'2025-07-16 09:28:16.000000','1岁工作22岁退休喜提69万退休金','中性','0.4399999976158142'),(117,'有蛀虫肯定不够啊','海外','男',2630,27,12073,'2025-07-16 09:27:24.000000','1岁工作22岁退休喜提69万退休金','中性','0.4300000071525574'),(118,'这不和美国查的那种二三百岁老人一样了吗','辽宁','女',289,399,3772,'2025-07-16 09:27:12.000000','1岁工作22岁退休喜提69万退休金','积极','1'),(119,'东北原本那种编制单位的，去查查好多都是提早办理病退的','浙江','女',234,649,463,'2025-07-16 09:19:38.000000','1岁工作22岁退休喜提69万退休金','积极','1'),(120,'钱不缺，无非是发给谁','湖北','男',307,107,489,'2025-07-16 09:19:34.000000','1岁工作22岁退休喜提69万退休金','中性','0.9800000190734864'),(121,'@要快乐的水蜜桃','江苏','女',167,116,5823,'2025-07-16 07:46:19.000000','1岁工作22岁退休喜提69万退休金','中性','0.3499999940395355'),(122,'这种不配拥有个带大名热搜吗','安徽','女',558,872,6822,'2025-07-15 21:40:17.000000','1岁工作22岁退休喜提69万退休金','积极','0.5600000023841858'),(123,'怪不得养老金不够用，怎么没有早点查出来，这个算法能不能加入Ai计算检查，就不会弄假吧','重庆','女',431,1206,4793,'2025-07-16 09:52:35.000000','1岁工作22岁退休喜提69万退休金','积极','1'),(124,'这和马斯克上半年爆出来的美国300岁老人有啥区别············','山东','男',1397,865,197,'2025-07-16 09:48:55.000000','1岁工作22岁退休喜提69万退休金','积极','1'),(125,'老中老美真是一辈子的好朋友','安徽','男',146,238,638,'2025-07-16 09:46:15.000000','1岁工作22岁退休喜提69万退休金','积极','0.959999978542328'),(126,'之前还觉得漂亮国的300岁领退休金奇幻……','辽宁','男',170,347,521,'2025-07-16 09:42:02.000000','1岁工作22岁退休喜提69万退休金','中性','0.5600000023841858'),(127,'严查严惩，不然显得我们这些打工人像个傻子','福建','男',99,465,1226,'2025-07-16 09:37:55.000000','1岁工作22岁退休喜提69万退休金','中性','1'),(128,'前几个月还在嘲笑美国呐','内蒙古','男',108,39,204,'2025-07-16 09:29:31.000000','1岁工作22岁退休喜提69万退休金','积极','0.9200000166893004'),(129,'这不也是贪污吗？每年的审计 年底清算怎么算的呢？','上海','女',628,2752,9083,'2025-07-16 09:28:26.000000','1岁工作22岁退休喜提69万退休金','中性','0.9900000095367432'),(130,'体制内的“含金量”还在上升','湖北','女',11,92,524,'2025-07-16 09:26:16.000000','1岁工作22岁退休喜提69万退休金','积极','0.8500000238418579'),(131,'多了去了，你就查吧，一查一个不吱声','河北','女',452,42,393,'2025-07-16 09:26:04.000000','1岁工作22岁退休喜提69万退休金','中性','0.5400000214576721'),(132,'前段时间还在笑美国','安徽','女',31,377,2,'2025-07-16 09:06:48.000000','1岁工作22岁退休喜提69万退休金','积极','0.9200000166893004'),(133,'《喜提》还挺骄傲','江苏','女',384,734,558,'2025-07-16 10:13:49.000000','1岁工作22岁退休喜提69万退休金','中性','0.3899999856948852'),(134,'怪不得年年涨，','广东','男',8,57,8,'2025-07-16 10:11:41.000000','1岁工作22岁退休喜提69万退休金','中性','0.6200000047683716'),(135,'谁啊谁啊  放出大名看看','广东','女',237,892,18273,'2025-07-16 10:11:02.000000','1岁工作22岁退休喜提69万退休金','积极','0.8600000143051147'),(136,'6','山东','男',2474,855,1020,'2025-07-16 10:11:02.000000','1岁工作22岁退休喜提69万退休金','中性','0.3600000143051147'),(137,'这种贪别人血汗钱的就该判死刑','北京','女',62,492,139,'2025-07-16 10:07:51.000000','1岁工作22岁退休喜提69万退休金','中性','0.6100000143051147'),(138,'我老公老问我为啥人家那么有钱，干啥挣的，我现在知道了，人家用头脑挣得，这种事我划破脑袋我也想不到的事啊，我就是四肢发达头脑简单的人','黑龙江','女',136,326,7,'2025-07-16 10:06:11.000000','1岁工作22岁退休喜提69万退休金','积极','1'),(139,'吃公粮的就是好','浙江','女',67,191,69,'2025-07-16 10:05:23.000000','1岁工作22岁退休喜提69万退休金','中性','0.5099999904632568'),(140,'离谱 太离谱了！','广东','女',186,139,104,'2025-07-16 10:03:33.000000','1岁工作22岁退休喜提69万退休金','中性','0.7200000286102295'),(141,'哈哈哈','山东','女',85,264,206,'2025-07-16 10:02:18.000000','1岁工作22岁退休喜提69万退休金','中性','0.3700000047683716'),(142,'政府是他家，养老靠大家~~~','四川','女',1,62,249,'2025-07-16 10:00:49.000000','1岁工作22岁退休喜提69万退休金','中性','0.4900000095367431'),(143,'好大胆子','广东','女',28454,175,2798,'2025-07-16 10:00:36.000000','1岁工作22岁退休喜提69万退休金','积极','0.5199999809265137'),(144,'层层过审了 呵呵 400e够发展教育 医疗了 需要的人没老养 不需要的小人又养老又有薪酬 乖乖 气死我了','安徽','女',141,90,754,'2025-07-16 10:00:03.000000','1岁工作22岁退休喜提69万退休金','积极','1'),(145,'离谱到家了','安徽','女',344,60,864,'2025-07-16 09:59:11.000000','1岁工作22岁退休喜提69万退休金','中性','0.5099999904632568'),(146,'建议翻三倍赔偿','北京','女',193,188,2460,'2025-07-16 09:58:55.000000','1岁工作22岁退休喜提69万退休金','中性','0.5199999809265137'),(147,'偷盗将几辈子贫穷报啊','上海','女',17,414,504,'2025-07-16 09:58:44.000000','1岁工作22岁退休喜提69万退休金','积极','0.6600000262260437'),(148,'冰山一角，当你发现一只蟑螂的时候……','湖北','男',251,342,524,'2025-07-16 09:57:30.000000','1岁工作22岁退休喜提69万退休金','积极','1'),(149,'回复@野生歌王:我们只能看到别人想让我们看到的东西','广东','男',290,246,375,'2025-07-16 09:57:17.000000','1岁工作22岁退休喜提69万退休金','积极','1'),(150,'所以才养老金不够的','海南','女',74,155,383,'2025-07-16 09:55:23.000000','1岁工作22岁退休喜提69万退休金','中性','0.7200000286102295'),(151,'敢不敢把所有信息爆出来','北京','女',10,73,26,'2025-07-16 09:55:13.000000','1岁工作22岁退休喜提69万退休金','积极','0.9900000095367432'),(152,'与米国民众手牵手共唱“同一个世界”','四川','男',486,775,3,'2025-07-16 09:54:30.000000','1岁工作22岁退休喜提69万退休金','中性','0.6499999761581421'),(153,'这事不仅仅只是退款就了事吧，应该以贪污定罪入刑','广东','男',131,548,130,'2025-07-16 09:54:15.000000','1岁工作22岁退休喜提69万退休金','中性','1'),(154,'这个6啊  上辈子的也算上了  上辈子投的是人吗','江苏','女',112,276,102,'2025-07-16 09:53:52.000000','1岁工作22岁退休喜提69万退休金','中性','1'),(155,'这种是怎么层层，一层一层都顺利过的','河北','女',393,1045,1343,'2025-07-16 09:53:48.000000','1岁工作22岁退休喜提69万退休金','积极','0.8700000047683716'),(156,'冰山一角','河北','男',10,431,6061,'2025-07-16 09:53:41.000000','1岁工作22岁退休喜提69万退休金','中性','0.449999988079071'),(157,'普通人说好15年，一下给你整20年','安徽','女',162,1493,1172,'2025-07-16 09:53:38.000000','1岁工作22岁退休喜提69万退休金','积极','0.9900000095367432'),(158,'转发微博','安徽','女',4,68,236,'2025-07-16 09:53:19.000000','1岁工作22岁退休喜提69万退休金','中性','0.4099999964237213'),(159,'社保还交吗','江苏','男',234,424,46,'2025-07-16 09:53:12.000000','1岁工作22岁退休喜提69万退休金','中性','0.4799999892711639'),(160,'就这样玩  还想让我交社保？','河北','女',200,277,935,'2025-07-16 09:53:05.000000','1岁工作22岁退休喜提69万退休金','中性','0.959999978542328'),(161,'谁能来说说怎么操作的？','江苏','男',66,185,107,'2025-07-16 09:53:02.000000','1岁工作22岁退休喜提69万退休金','积极','0.5699999928474426'),(162,'我滴个天！这真的是旱的旱死涝的涝死','山东','女',1029,121,16828,'2025-07-16 09:52:52.000000','1岁工作22岁退休喜提69万退休金','中性','0.9800000190734864'),(163,'奈何取之尽锱铢，用之如泥沙','广东','男',876,467,1814,'2025-07-16 09:52:49.000000','1岁工作22岁退休喜提69万退休金','中性','0.9900000095367432'),(164,'普通人勤勤恳恳都赚不到这么多 这些人随随便便就能拿到这么多 不要太离谱','广东','男',96,1801,124,'2025-07-16 09:52:39.000000','1岁工作22岁退休喜提69万退休金','中性','0.7900000214576721'),(165,'之前还嘲笑美国那边 现在轮到我们的社保了 自己缴费的最清楚 每年都在涨 但是不知道为什么涨 二月份还要我们补交2000块 也不明白为什么要交2000块#1岁工作22岁退休# #社保#','广东','女',527,529,24814,'2025-07-16 09:52:32.000000','1岁工作22岁退休喜提69万退休金','积极','1'),(166,'转发微博','广东','男',780,3210,10854,'2025-07-16 09:52:32.000000','1岁工作22岁退休喜提69万退休金','中性','0.4099999964237213'),(167,'历史重演','江西','男',245,464,79,'2025-07-16 09:52:26.000000','1岁工作22岁退休喜提69万退休金','中性','0.4199999868869781'),(168,'退钱，坐牢','广东','女',483,206,15,'2025-07-16 09:52:23.000000','1岁工作22岁退休喜提69万退休金','中性','0.5400000214576721'),(169,'水还是太浑了','海外','女',304,340,519,'2025-07-16 09:52:03.000000','1岁工作22岁退休喜提69万退休金','中性','0.8500000238418579'),(170,'都是我们交的钱','安徽','男',126,549,707,'2025-07-16 09:52:04.000000','1岁工作22岁退休喜提69万退休金','中性','0.5'),(171,'@中国新闻网 发一下全名和工作单位。','北京','女',60,250,1390,'2025-07-16 09:52:01.000000','1岁工作22岁退休喜提69万退休金','中性','0.949999988079071'),(172,'天选之子出现了，22岁22年工作经验','浙江','男',90,197,133,'2025-07-16 09:51:46.000000','1岁工作22岁退休喜提69万退休金','积极','0.6600000262260437'),(173,'想问下 都这么多天了怎么才上热搜，能不能以后把这些冒领的人的名单基本信息都放上来。','内蒙古','女',410,87,2341,'2025-07-16 09:51:21.000000','1岁工作22岁退休喜提69万退休金','积极','1'),(174,'不能带名，网友会深挖，怕','浙江','男',2325,272,662,'2025-07-16 09:51:18.000000','1岁工作22岁退休喜提69万退休金','积极','0.5699999928474426'),(175,'所以说现在年轻人不愿意每月缴纳社保啊','广东','男',153,220,59,'2025-07-16 09:50:54.000000','1岁工作22岁退休喜提69万退休金','中性','0.8899999856948853'),(176,'支持开盲盒正想输出','广东','女',175,149,2792,'2025-07-16 09:50:50.000000','1岁工作22岁退休喜提69万退休金','积极','0.9200000166893004'),(177,'这不能只审计出来就完事了吧，是不是要追责，追回，判刑？','河北','女',8,34,737,'2025-07-16 09:50:49.000000','1岁工作22岁退休喜提69万退休金','中性','0.9900000095367432'),(178,'转发微博','北京','女',18,879,23439,'2025-07-16 09:50:39.000000','1岁工作22岁退休喜提69万退休金','中性','0.4099999964237213'),(179,'蛀虫寄生虫','河南','男',716,609,999,'2025-07-16 09:50:31.000000','1岁工作22岁退休喜提69万退休金','中性','0.4600000083446502'),(180,'社保不敢交了之前1100一个月 现在1700一个月亚历山大原来都被1岁小孩拿走了','海外','男',447,1039,6104,'2025-07-16 09:50:30.000000','1岁工作22岁退休喜提69万退休金','积极','1'),(181,'转发微博','广东','男',143,56,4830,'2025-07-16 09:50:24.000000','1岁工作22岁退休喜提69万退休金','中性','0.4099999964237213'),(182,'有个新疆的朋友，不用去上班每个月拿一万多的工资。只需要偶尔去开一下会就好了，她自己在做小生意，挂名在她老公单位','广东','女',312,762,1697,'2025-07-16 09:50:12.000000','1岁工作22岁退休喜提69万退休金','积极','1'),(183,'呵呵','湖北','女',0,358,3221,'2025-07-16 09:50:10.000000','1岁工作22岁退休喜提69万退休金','中性','0.3799999952316284'),(184,'不能提','海外','男',953,1199,4422,'2025-07-16 09:50:10.000000','1岁工作22岁退休喜提69万退休金','中性','0.4199999868869781'),(185,'ta都有养老金了 还在工作 好上进啊?','天津','男',105,350,2530,'2025-07-16 09:50:01.000000','1岁工作22岁退休喜提69万退休金','中性','0.9900000095367432'),(186,'原来这就是有权人的人生','上海','女',24,74,141,'2025-07-16 09:49:58.000000','1岁工作22岁退休喜提69万退休金','中性','0.5199999809265137'),(187,'回复@陈大刚的刚是刚柔并济的刚:不要学会计，学会计的现在好难就业','浙江','女',83,87,28,'2025-07-16 09:49:57.000000','1岁工作22岁退休喜提69万退休金','积极','0.949999988079071'),(188,'后续呢','河南','女',275,392,1297,'2025-07-16 09:49:52.000000','1岁工作22岁退休喜提69万退休金','中性','0.4600000083446502'),(189,'驴得水','广东','女',67,57,406,'2025-07-16 09:49:00.000000','1岁工作22岁退休喜提69万退休金','中性','0.4000000059604645'),(190,'TNN个腿！查出来逮一个杀一个，看谁还敢！','辽宁','女',81,517,3317,'2025-07-16 09:48:56.000000','1岁工作22岁退休喜提69万退休金','积极','0.9900000095367432'),(191,'好幸福啊，22岁就能退休了','江苏','女',214,1543,1044,'2025-07-16 09:48:51.000000','1岁工作22岁退休喜提69万退休金','积极','0.9900000095367432'),(192,'关我屁事，反正我就算死了也不会把钱给我','广东','男',27,89,30,'2025-07-16 09:48:50.000000','1岁工作22岁退休喜提69万退休金','中性','1'),(193,'蛀虫，杀无赦！','山东','女',43,544,2819,'2025-07-16 09:48:49.000000','1岁工作22岁退休喜提69万退休金','中性','0.5299999713897705'),(194,'这个才是真正的有辱国格了。','四川','男',1033,426,3250,'2025-07-16 09:48:45.000000','1岁工作22岁退休喜提69万退休金','中性','0.6499999761581421'),(195,'什么年代了，为什么还会有这样的事发生呀','浙江','女',17,305,108,'2025-07-16 09:48:45.000000','1岁工作22岁退休喜提69万退休金','消极','0.9300000071525574'),(196,'先缩编减人增效吧','重庆','女',50,80,21,'2025-07-16 09:48:04.000000','1岁工作22岁退休喜提69万退休金','中性','0.7900000214576721'),(197,'感觉有点不可思议，退休后不是每年要审那个证吗','四川','女',144,166,7282,'2025-07-16 09:48:02.000000','1岁工作22岁退休喜提69万退休金','中性','1'),(198,'蛀虫，顶上去，全部端','广东','男',60,393,104,'2025-07-16 09:47:59.000000','1岁工作22岁退休喜提69万退休金','中性','0.6600000262260437'),(199,'2025年了还能允许这样？？？','北京','女',401,842,279,'2025-07-16 09:47:52.000000','1岁工作22岁退休喜提69万退休金','中性','0.699999988079071'),(200,'哇哦','上海','女',210,226,6653,'2025-07-16 09:47:44.000000','1岁工作22岁退休喜提69万退休金','中性','0.3600000143051147'),(201,'所以呢，有死了还拿的，有拿多份的，有年龄对的上但完全没工作过就拿的，有从出生开始就造假的，这个钱是个无底的窟窿，再多都不够','四川','女',45,60,110,'2025-07-16 09:47:26.000000','1岁工作22岁退休喜提69万退休金','积极','1'),(202,'这不得放大名贴照片，性质太恶劣了','福建','女',365,788,26908,'2025-07-16 09:47:22.000000','1岁工作22岁退休喜提69万退休金','中性','1'),(203,'@央视新闻','江苏','女',38,16,499,'2025-07-16 09:47:17.000000','1岁工作22岁退休喜提69万退休金','中性','0.4600000083446502'),(204,'丧心病狂','安徽','男',107,89,3,'2025-07-16 09:47:13.000000','1岁工作22岁退休喜提69万退休金','中性','0.550000011920929'),(205,'这些钱能不能吐回来？？','四川','女',140,229,989,'2025-07-16 09:47:07.000000','1岁工作22岁退休喜提69万退休金','消极','0.6899999976158142'),(206,'还有什么是真的！！！感觉偷了我的钱','福建','女',32,175,62,'2025-07-16 09:47:04.000000','1岁工作22岁退休喜提69万退休金','中性','0.5199999809265137'),(207,'要求带大名，返还领取的养老金，还有现在的工作单位辞退他','河南','女',6,56,8,'2025-07-16 09:46:59.000000','1岁工作22岁退休喜提69万退休金','积极','0.9900000095367432'),(208,'@周周周一呐','湖南','男',63,360,112,'2025-07-16 09:46:52.000000','1岁工作22岁退休喜提69万退休金','积极','0.5'),(209,'前两天还笑隔壁老米，回旋镖这么快就抽回来了，真就太阳底下无新鲜事','安徽','女',54,24,7,'2025-07-16 09:46:41.000000','1岁工作22岁退休喜提69万退休金','积极','1'),(210,'这新闻能上热搜？','山东','男',52,91,9,'2025-07-16 09:46:38.000000','1岁工作22岁退休喜提69万退休金','中性','0.4000000059604645'),(211,'这个要判刑吧','北京','女',398,672,9897,'2025-07-16 09:46:26.000000','1岁工作22岁退休喜提69万退休金','中性','0.4300000071525574'),(212,'大早上看到这个被气晕','广东','男',46,137,269,'2025-07-16 09:46:16.000000','1岁工作22岁退休喜提69万退休金','中性','0.7699999809265137'),(213,'大早上要被气晕','广东','男',46,137,269,'2025-07-16 09:45:48.000000','1岁工作22岁退休喜提69万退休金','中性','0.6000000238418579'),(214,'服了','海南','女',1192,71,1291,'2025-07-16 09:45:35.000000','1岁工作22岁退休喜提69万退休金','中性','0.4399999976158142'),(215,'连着上辈子的钱一块赚是吧','北京','男',1144,2144,2121,'2025-07-16 09:45:34.000000','1岁工作22岁退休喜提69万退休金','中性','0.6000000238418579'),(216,'应该查查他爸爸妈妈是谁？什么职务？爷爷奶奶姥姥姥爷什么职务？','河北','女',57,238,334,'2025-07-16 09:45:33.000000','1岁工作22岁退休喜提69万退休金','中性','0.5600000023841858'),(217,'u pu p','山东','女',273,766,311,'2025-07-16 09:45:30.000000','1岁工作22岁退休喜提69万退休金','中性','0.4099999964237213'),(218,'@ethy-eth','河南','女',60301,176,1124,'2025-07-16 09:45:29.000000','1岁工作22岁退休喜提69万退休金','中性','0.4900000095367431'),(219,'转发微博','台湾','男',333,192,26173,'2025-07-16 09:45:11.000000','1岁工作22岁退休喜提69万退休金','中性','0.4099999964237213'),(220,'转发微博','浙江','男',381,899,2076,'2025-07-16 09:44:59.000000','1岁工作22岁退休喜提69万退休金','中性','0.4099999964237213'),(221,'追责吧','吉林','女',154,148,798,'2025-07-16 09:44:55.000000','1岁工作22岁退休喜提69万退休金','积极','0.4399999976158142'),(222,'马斯克:我来辣','天津','男',5204,843,1309,'2025-07-16 09:44:45.000000','1岁工作22岁退休喜提69万退休金','中性','0.4699999988079071'),(223,'满门抄斩吧','黑龙江','男',89,261,418,'2025-07-16 09:44:44.000000','1岁工作22岁退休喜提69万退休金','中性','0.4600000083446502'),(224,'娱乐圈的瓜已经是最小的了 别的圈.....','黑龙江','女',971,544,353,'2025-07-16 09:44:37.000000','1岁工作22岁退休喜提69万退休金','积极','1'),(225,'前方吃紧，后方紧吃。云飞兄诚不欺我','天津','男',166,315,1467,'2025-07-16 09:44:29.000000','1岁工作22岁退休喜提69万退休金','积极','1'),(226,'真的没救了','广东','女',138,594,185,'2025-07-16 09:44:19.000000','1岁工作22岁退休喜提69万退休金','中性','0.5199999809265137'),(227,'这时候怎么不报全名了？','四川','女',505,819,4173,'2025-07-16 09:44:07.000000','1岁工作22岁退休喜提69万退休金','中性','0.8199999928474426'),(228,'真的假的？想起年初美国有几百岁老人还领退休金的，是不是一样道理？','广东','女',143,116,588,'2025-07-16 09:44:07.000000','1岁工作22岁退休喜提69万退休金','积极','1'),(229,'@央视新闻','新疆','女',4315,569,302,'2025-07-16 09:44:00.000000','1岁工作22岁退休喜提69万退休金','中性','0.4600000083446502'),(230,'比马斯克查出的300岁还离谱','广东','男',8,403,1759,'2025-07-16 09:43:56.000000','1岁工作22岁退休喜提69万退休金','中性','0.4099999964237213'),(231,'这跟老美200岁还在领退休金一个道理','四川','男',71,122,220,'2025-07-16 09:43:52.000000','1岁工作22岁退休喜提69万退休金','积极','0.8999999761581421'),(232,'真是对这个世界刷新了三观','安徽','女',277,224,1489,'2025-07-16 09:43:49.000000','1岁工作22岁退休喜提69万退休金','中性','0.7200000286102295'),(233,'所以今年凭啥基数还上涨这么多','浙江','女',92,502,23,'2025-07-16 09:43:43.000000','1岁工作22岁退休喜提69万退休金','中性','0.6800000071525574'),(234,'难怪浙江的社保每年都在涨，今年又要开始了','浙江','女',67,110,74,'2025-07-16 09:43:36.000000','1岁工作22岁退休喜提69万退休金','积极','0.9900000095367432'),(235,'所以这就是为什么我们社保一直涨的原因呢吧','江西','女',149,83,1259,'2025-07-16 09:43:34.000000','1岁工作22岁退休喜提69万退休金','中性','0.6200000047683716'),(236,'无语了','广东','女',293,228,69,'2025-07-16 09:43:17.000000','1岁工作22岁退休喜提69万退休金','中性','0.5899999737739563'),(237,'查到一定程度就会有替罪羊出来了','江苏','男',53,254,40,'2025-07-16 09:43:13.000000','1岁工作22岁退休喜提69万退休金','中性','0.5'),(238,'这是纯技术能做到的吗','广东','女',220,51,1298,'2025-07-16 09:43:12.000000','1岁工作22岁退休喜提69万退休金','积极','0.4699999988079071'),(239,'多么黑暗啊  那是我们80.90孩子的血汗钱啊','河南','男',393,114,1997,'2025-07-16 09:43:04.000000','1岁工作22岁退休喜提69万退休金','积极','1'),(240,'这就是一直被压的事情之一','山东','女',27,313,50,'2025-07-16 09:42:55.000000','1岁工作22岁退休喜提69万退休金','中性','0.9700000286102296'),(241,'有没有追回，追回了多少；谁干的，判了几年，这不得出份警情通报？','浙江','男',4,77,36,'2025-07-16 09:42:46.000000','1岁工作22岁退休喜提69万退休金','消极','0.8399999737739563'),(242,'对啊，姓啥叫啥哪单位的，父母是啥单位的，男的女的，现在还领钱呢么？说明白啊！','河北','女',4,21,112,'2025-07-16 09:42:30.000000','1岁工作22岁退休喜提69万退休金','积极','1'),(243,'这个严查应该查出来一串人吧','重庆','女',148,273,1779,'2025-07-16 09:42:29.000000','1岁工作22岁退休喜提69万退休金','中性','0.9900000095367432'),(244,'卧槽！！！！可恶！！！！','江苏','女',163,79,437,'2025-07-16 09:42:14.000000','1岁工作22岁退休喜提69万退休金','积极','1'),(245,'既然要这样何必多此一举 直接造几个不存在的人在那里 吃空响得了 何必生一个出来，胆大包天的玩意，这和上班从银行偷钱回来 有啥区别，一打开金库 都被蛀虫搬空了','西藏','男',257,1017,1503,'2025-07-16 09:42:12.000000','1岁工作22岁退休喜提69万退休金','积极','1'),(246,'妈的个，真的没意思！','江苏','女',776,729,3356,'2025-07-16 09:41:34.000000','1岁工作22岁退休喜提69万退休金','中性','0.550000011920929'),(247,'这得严查吧','江西','女',96,128,289,'2025-07-16 09:41:31.000000','1岁工作22岁退休喜提69万退休金','中性','0.5400000214576721'),(248,'太可怕了，反腐工作继续抓','北京','男',98,649,86,'2025-07-16 09:40:47.000000','1岁工作22岁退休喜提69万退休金','中性','0.9800000190734864'),(249,'这个钱退的回来嘛','江苏','男',6,249,22,'2025-07-16 09:40:42.000000','1岁工作22岁退休喜提69万退休金','中性','0.7300000190734863'),(250,'前几天嘲笑美国三百岁还在领退休金的人在哪里','浙江','男',62,588,741,'2025-07-16 09:39:37.000000','1岁工作22岁退休喜提69万退休金','积极','1'),(251,'看来美国300岁的领退休金还是太保守了','云南','男',105,76,2,'2025-07-16 09:39:26.000000','1岁工作22岁退休喜提69万退休金','积极','1'),(252,'吃相太TM难看了','湖南','男',252,1781,5589,'2025-07-16 09:39:12.000000','1岁工作22岁退休喜提69万退休金','中性','0.6800000071525574'),(253,'造假都不带脑子了','山东','女',5,5,117,'2025-07-16 09:39:06.000000','1岁工作22岁退休喜提69万退休金','中性','0.8700000047683716'),(254,'这不带名字么','广东','女',181,1008,6738,'2025-07-16 09:39:00.000000','1岁工作22岁退休喜提69万退休金','中性','0.5899999737739563'),(255,'转发微博','上海','女',25,135,799,'2025-07-16 09:38:50.000000','1岁工作22岁退休喜提69万退休金','中性','0.4099999964237213'),(256,'叫他们谁领的吐出来给我们','广东','女',72,294,52,'2025-07-16 09:38:47.000000','1岁工作22岁退休喜提69万退休金','积极','0.9700000286102296'),(257,'这样吧，你的这个事儿啊，我们讲不是说，不是说不办，但是呢，没有说啊，没有任何一件事情我们说，说一定怎么怎么样，说不行吧他也不是，我们讲，事在人为啊，我们可以想办法，可以想办法啊，这个，你这样晚一点儿，晚一咱们到时候呢，对吧，我这个，对吧，这个，包括，诶呀我这个，到时候你看一看，对','广东','男',467,504,438,'2025-07-16 09:38:40.000000','1岁工作22岁退休喜提69万退休金','积极','1'),(258,'我山西又要上大分了！！！','山西','男',41,170,682,'2025-07-16 09:38:17.000000','1岁工作22岁退休喜提69万退休金','中性','0.9800000190734864'),(259,'@Ye_C26 ？？？？','湖南','男',288,281,263,'2025-07-16 09:38:16.000000','1岁工作22岁退休喜提69万退休金','积极','0.6299999952316284'),(260,'妈的！','北京','女',342,390,3120,'2025-07-16 09:38:12.000000','1岁工作22岁退休喜提69万退休金','中性','0.3499999940395355'),(261,'#1岁工作22岁退休#    来来来报上这个“天才”的姓名以及工作单位//@回锅肉为什么放大葱呢:拿女学生的事盖69万的热度，一直都是这么操作的，哪天有什么不利的消息出来，马上就安排别的来盖//@野生歌王:我看了一下澎湃上个月末就发了，这种新闻估计很多人都不知道，但是女学生的私事要大张旗鼓满世界宣 ...全文','内蒙古','女',32,217,8833,'2025-07-16 09:37:26.000000','1岁工作22岁退休喜提69万退休金','积极','1'),(262,'强制缴纳社保就是这么来用的哈。','北京','男',656,278,8,'2025-07-16 09:37:19.000000','1岁工作22岁退休喜提69万退休金','中性','0.7200000286102295'),(263,'每个地方都有那么一群蛀虫','浙江','女',199,484,13,'2025-07-16 09:37:17.000000','1岁工作22岁退休喜提69万退休金','积极','0.9100000262260436'),(264,'终于知道为什么退休金不够了','四川','男',8,131,12,'2025-07-16 09:37:13.000000','1岁工作22岁退休喜提69万退休金','积极','0.7900000214576721'),(265,'太多地方有这种黑暗的地方，能吃空你','浙江','男',857,307,6141,'2025-07-16 09:37:10.000000','1岁工作22岁退休喜提69万退休金','积极','0.949999988079071'),(266,'这对么','广西','女',0,33,176,'2025-07-16 09:37:07.000000','1岁工作22岁退休喜提69万退休金','中性','0.3899999856948852'),(267,'一岁工作 22岁退休 这不是开国际玩笑吧','海外','男',813,405,2593,'2025-07-16 09:36:59.000000','1岁工作22岁退休喜提69万退休金','中性','0.6100000143051147'),(268,'400亿是什么天文数字我幻想中彩票都只敢幻想100万','广东','女',261,199,235,'2025-07-16 09:36:52.000000','1岁工作22岁退休喜提69万退休金','积极','0.4699999988079071'),(269,'转发微博','江苏','女',69,414,762,'2025-07-16 09:36:49.000000','1岁工作22岁退休喜提69万退休金','中性','0.4099999964237213'),(270,'这帮老东西怎么不赶紧去死','辽宁','男',73,973,169,'2025-07-16 09:36:31.000000','1岁工作22岁退休喜提69万退休金','中性','0.9900000095367432'),(271,'这种事情能查出来绝对不是个例~早就有很多人这么干了','云南','女',3,41,334,'2025-07-16 09:36:27.000000','1岁工作22岁退休喜提69万退休金','中性','0.7099999785423279'),(272,'所以呀，提倡我们这些牛马们要想养老，就得交20年的养老保险，每个政策的背后都是为了弥补更大的窟窿','山东','女',196,32,367,'2025-07-16 10:07:36.000000','1岁工作22岁退休喜提69万退休金','积极','1'),(273,'看得人尸体暖暖的…#1岁工作22岁退休喜提69万退休金#','广东','男',7,10,11,'2025-07-16 10:06:54.000000','1岁工作22岁退休喜提69万退休金','积极','1'),(274,'天天搁这儿喊亏空没钱，这样能有钱吗？逮着普通老板姓使劲割韭菜，这些人不公开进局子吗','湖北','女',6,76,492,'2025-07-16 10:06:22.000000','1岁工作22岁退休喜提69万退休金','中性','1'),(275,'放屁','广东','男',33,208,85,'2025-07-16 08:03:59.000000','开空调最好别低于这个温度','中性','0.3400000035762787'),(276,'看你所在的环境人群密度和空间大小……有的地方26度都冷，有的地方你开17度依然热（比如 人太多）','重庆','女',1860,734,30484,'2025-07-16 09:30:06.000000','开空调最好别低于这个温度','积极','1'),(277,'26度直接室外吹去吧，别开空调了','甘肃','女',203,795,1006,'2025-07-16 09:35:11.000000','开空调最好别低于这个温度','中性','0.699999988079071'),(278,'我爱点多少度就点多少度','辽宁','男',319,233,590,'2025-07-16 09:36:55.000000','开空调最好别低于这个温度','中性','0.8999999761581421'),(279,'#开空调最好别低于这个温度#  如何预防空调病？医生建议： ①不要在开空调的房间里待很长时间，要经常打开门窗，通风换气； ②合理调整室内温度，一般不低于26℃； ③冷风不能直接吹颈椎、后背、膝关节等部位； ④大汗淋漓时不要直接吹冷风。#中医解释什么是空调病#','河南','女',4157,1260,6909,'2025-07-16 09:40:43.000000','开空调最好别低于这个温度','积极','1'),(280,'这个医院说的，我不听','北京','男',37096,2004,15413,'2025-07-16 10:04:56.000000','开空调最好别低于这个温度','中性','0.959999978542328'),(281,'27度都冷','四川','男',11542,317,1949,'2025-07-16 09:59:45.000000','开空调最好别低于这个温度','中性','0.5400000214576721'),(282,'一个中国的医院能叫“中日友好”本身就够抽象了信这样出来放屁的专家就更抽象了','广东','男',29,49,26,'2025-07-16 09:48:19.000000','开空调最好别低于这个温度','积极','1'),(283,'28度，翻来覆去不用盖肚子','广东','男',337,224,1989,'2025-07-16 10:03:31.000000','开空调最好别低于这个温度','中性','0.8199999928474426'),(284,'#开空调最好别低于这个温度#','北京','男',10958846,326,62887,'2025-07-16 09:53:55.000000','开空调最好别低于这个温度','积极','0.6000000238418579'),(285,'其实26度热的要鼠哈','四川','男',1319,796,1442,'2025-07-16 09:48:46.000000','开空调最好别低于这个温度','中性','0.3100000023841858'),(286,'猫不错','湖北','男',377,490,23,'2025-07-16 00:23:23.000000','开空调最好别低于这个温度','中性','0.449999988079071'),(287,'果然 我已经吹感冒了','河南','男',107,432,3625,'2025-07-15 22:48:53.000000','开空调最好别低于这个温度','中性','0.9700000286102296'),(288,'//@一巴掌打四个人的美艳大小姐:中日友好医院就别出来露脸了……是不是觉得这医院的招牌还没被砸碎啊','福建','男',172955,4601,17739,'2025-07-16 09:40:01.000000','开空调最好别低于这个温度','积极','1'),(289,'太热了，没办法','陕西','女',9,129,2359,'2025-07-16 08:36:29.000000','开空调最好别低于这个温度','中性','0.959999978542328'),(290,'早安','重庆','女',42,79,211,'2025-07-16 07:23:01.000000','开空调最好别低于这个温度','中性','0.4399999976158142'),(291,'【#开空调最好别低于这个温度#】 人们长期在空调冷风环境下工作和生活，出现头晕、头痛、食欲不振、发热咳嗽、关节酸痛等，都是“空调病”的临床表现，老年人、婴幼儿、孕妇，以及慢病人群更应注意。','四川','女',58514,333,11872,'2025-07-16 10:10:12.000000','开空调最好别低于这个温度','积极','1'),(292,'我一直18度','广东','男',622,296,2049,'2025-07-16 10:07:05.000000','开空调最好别低于这个温度','中性','0.699999988079071'),(293,'我开29度','广东','女',227,304,9653,'2025-07-16 10:05:47.000000','开空调最好别低于这个温度','中性','0.4799999892711639'),(294,'转发微博','上海','男',1028,2988,12998,'2025-07-16 10:01:02.000000','开空调最好别低于这个温度','中性','0.4099999964237213'),(295,'你医锤子 有本事把你父母医活','四川','男',136,495,1824,'2025-07-16 09:56:43.000000','开空调最好别低于这个温度','积极','0.9900000095367432'),(296,'#中医解释什么是空调病# #开空调最好别低于这个温度# 涨知识','浙江','男',20384,657,2696,'2025-07-16 09:55:47.000000','开空调最好别低于这个温度','中性','0.6299999952316284'),(297,'首先，你得看你家空调买了几年了，其次你得看你在多大的屋子待着，有多少人在这间屋子……','北京','女',183,299,4188,'2025-07-16 09:53:50.000000','开空调最好别低于这个温度','积极','1'),(298,'转发微博','北京','女',18,879,23439,'2025-07-16 09:50:58.000000','开空调最好别低于这个温度','中性','0.4099999964237213'),(299,'苏叶 是指 紫苏叶吗','江苏','女',934,2424,24299,'2025-07-16 08:32:08.000000','开空调最好别低于这个温度','中性','0.5199999809265137'),(300,'晚安','广东','女',111,531,9860,'2025-07-15 22:23:22.000000','开空调最好别低于这个温度','中性','0.449999988079071'),(301,'@Li-X瓜','海外','女',1792,78,871,'2025-07-16 10:13:40.000000','开空调最好别低于这个温度','中性','0.3799999952316284'),(302,'不低于26度？深圳不开抽湿（19度）能活是吗？专家死开','广东','女',5256,2257,11503,'2025-07-16 10:11:18.000000','开空调最好别低于这个温度','积极','1'),(303,'夏天还是要多多注意','浙江','女',20377,291,1043,'2025-07-16 10:07:31.000000','开空调最好别低于这个温度','中性','0.550000011920929'),(304,'26度空调出臭味怎么说','北京','女',5878270,1462,11587,'2025-07-16 10:07:27.000000','开空调最好别低于这个温度','中性','0.6499999761581421'),(305,'在我家26度跟没开一样 别放屁了','上海','女',2197,113,877,'2025-07-16 10:02:28.000000','开空调最好别低于这个温度','中性','0.5799999833106995'),(306,'昨晚开26度，直接热醒了','海南','女',104,165,2737,'2025-07-16 10:01:53.000000','开空调最好别低于这个温度','中性','0.8799999952316284'),(307,'那些说26度热的，要么空调设置的不对，要么空调制冷有问题','安徽','女',1,70,25,'2025-07-16 09:31:29.000000','开空调最好别低于这个温度','中性','0.9700000286102296'),(308,'26度我都嫌冷 可能真的老了','上海','女',54,5,3985,'2025-07-16 09:29:06.000000','开空调最好别低于这个温度','中性','0.8799999952316284'),(309,'你得看空调啊！我家空调开27度都觉得冷 我妈家空调开25度我都能出汗','浙江','男',772,362,194,'2025-07-16 10:12:34.000000','开空调最好别低于这个温度','积极','1'),(310,'26度也很冷 我都开28','北京','女',11,82,344,'2025-07-16 09:50:21.000000','开空调最好别低于这个温度','中性','0.6399999856948853'),(311,'天天晚上25度到天亮','广东','男',340,227,496,'2025-07-16 09:48:35.000000','开空调最好别低于这个温度','中性','0.6800000071525574'),(312,'别建议了，先去生活吧。外边四十多度，空调开到20°，屋里都不凉。说啥屁话呢','河南','女',359,626,1807,'2025-07-16 09:35:30.000000','开空调最好别低于这个温度','积极','1'),(313,'老子爱开几度开几度','江苏','女',253,959,393,'2025-07-16 09:32:00.000000','开空调最好别低于这个温度','积极','0.7300000190734863'),(314,'滚','海外','男',390,515,4231,'2025-07-16 10:14:52.000000','开空调最好别低于这个温度','中性','0.3600000143051147'),(315,'这个b医院是出来讨骂的吗？','重庆','男',83,373,702,'2025-07-16 10:14:19.000000','开空调最好别低于这个温度','中性','0.9300000071525574'),(316,'晚上睡觉 28度','福建','女',16,48,9,'2025-07-16 10:13:14.000000','开空调最好别低于这个温度','中性','0.9100000262260436'),(317,'“②合理调整室内温度，一般不低于26℃；”这条放我们这里属于是夏天吹热风了哈','云南','女',37,211,1666,'2025-07-16 10:13:09.000000','开空调最好别低于这个温度','积极','1'),(318,'夏天了空调专家又出来了','山东','男',160,515,1552,'2025-07-16 10:13:04.000000','开空调最好别低于这个温度','中性','0.9900000095367432'),(319,'重庆晚上房子墙都是热的，26度都降不下来温，这些专家能不能闭嘴','重庆','女',1022,782,21626,'2025-07-16 10:12:51.000000','开空调最好别低于这个温度','中性','0.7300000190734863'),(320,'转发微博','北京','女',477,1936,5884,'2025-07-16 10:12:25.000000','开空调最好别低于这个温度','中性','0.4099999964237213'),(321,'每个人不一样，有的人开20度盖棉被睡，有的人开28度不盖被子睡，都很凉快','江苏','男',27,291,205,'2025-07-16 10:10:53.000000','开空调最好别低于这个温度','积极','1'),(322,'拉倒吧，我家空调开26冻死人要开到27，公司空调开到26一点感觉都没有，还开个风扇热死了','广东','女',249,168,954,'2025-07-16 10:10:38.000000','开空调最好别低于这个温度','积极','1'),(323,'外面的温度最好别低于这个温度！ 新闻真的莫名其妙。低于这个温度是不能活啊。','广东','男',8448,82,121,'2025-07-16 10:09:49.000000','开空调最好别低于这个温度','积极','1'),(324,'放屁','浙江','女',348,873,981,'2025-07-16 10:09:14.000000','开空调最好别低于这个温度','中性','0.3400000035762787'),(325,'Qnmd','河南','男',933,433,1095,'2025-07-16 10:09:08.000000','开空调最好别低于这个温度','中性','0.3899999856948852'),(326,'晚上开24冷，开25，6就有一股子酸味','北京','女',4243,741,150,'2025-07-16 10:09:03.000000','开空调最好别低于这个温度','积极','0.800000011920929'),(327,'看了下评论区大家看法不一，作为最近想买空调的东北人之一，也有浏览大量选购帖子，发现大家已经安装过空调的家庭，夏天空调的制冷效果不一。','吉林','女',429,870,1377,'2025-07-16 10:08:36.000000','开空调最好别低于这个温度','积极','1'),(328,'是不是放个屁都要上微博热搜','辽宁','男',802,1712,11884,'2025-07-16 10:07:42.000000','开空调最好别低于这个温度','中性','0.6399999856948853'),(329,'医生，你先把空调关了再说','安徽','男',30,23,72,'2025-07-16 10:07:41.000000','开空调最好别低于这个温度','中性','0.8199999928474426'),(330,'其实我一般开29度','江苏','女',4407,1259,4198,'2025-07-16 10:07:37.000000','开空调最好别低于这个温度','中性','0.3300000131130218'),(331,'@打工人缺觉魂','北京','女',606,329,3990,'2025-07-16 10:07:31.000000','开空调最好别低于这个温度','中性','0.7900000214576721'),(332,'26度还开个屁空调','广东','男',27,49,4,'2025-07-16 10:06:50.000000','开空调最好别低于这个温度','中性','0.6299999952316284'),(333,'收到，谢谢主子','四川','女',2,8,1,'2025-07-16 10:06:05.000000','开空调最好别低于这个温度','中性','0.3700000047683716'),(334,'转发微博','浙江','男',315,484,3941,'2025-07-16 10:05:53.000000','开空调最好别低于这个温度','中性','0.4099999964237213'),(335,'@宥宥爸爸s','辽宁','女',645,601,6798,'2025-07-16 10:05:28.000000','开空调最好别低于这个温度','中性','0.3700000047683716'),(336,'开26度不得中暑？','广东','男',6,253,59,'2025-07-16 10:05:09.000000','开空调最好别低于这个温度','中性','0.3700000047683716'),(337,'办公室基本全女生，一到冬夏两季就会开启空调大战，怕热的开16度18度，怕冷的椅背上放着不同厚度的外套，穿上外套之后忍一段时间，就去把空调温度调高或者直接关，然后怕热的再去开。。空调在门口墙上，按的时候声音挺大，大家都能听到，每天都如此循环','北京','女',251,296,3209,'2025-07-16 10:05:07.000000','开空调最好别低于这个温度','积极','1'),(338,'写这报道的编辑是不是nc？','江苏','男',875,427,1690,'2025-07-16 10:05:05.000000','开空调最好别低于这个温度','中性','0.8199999928474426'),(339,'中日友好不了一点','四川','女',3,19,80,'2025-07-16 10:04:59.000000','开空调最好别低于这个温度','中性','0.4900000095367431'),(340,'那为什么要设计低于这个温度，是不是可以起诉厂商？','广东','男',102,102,37,'2025-07-16 10:03:49.000000','开空调最好别低于这个温度','中性','0.9800000190734864'),(341,'户外40度你给我说开26度以上','四川','男',114,308,345,'2025-07-16 10:03:43.000000','开空调最好别低于这个温度','积极','0.9800000190734864'),(342,'26我还开尼玛的空调啊','四川','男',68,110,9,'2025-07-16 10:03:24.000000','开空调最好别低于这个温度','中性','0.7200000286102295'),(343,'空调26°就合适，接的高铁的活吗','北京','男',24,135,117,'2025-07-16 10:03:20.000000','开空调最好别低于这个温度','中性','0.9800000190734864'),(344,'我怎么感觉好像刷到过这个呢。而且也是通过同样的热搜。','海外','女',337,560,7389,'2025-07-16 10:02:57.000000','开空调最好别低于这个温度','中性','1'),(345,'我上班干活时候能把空调开成16，歇下来后调22（穿长衣长裤）','辽宁','女',8,319,280,'2025-07-16 10:02:39.000000','开空调最好别低于这个温度','积极','0.699999988079071'),(346,'谁理你们','江西','女',202,1088,1918,'2025-07-16 10:02:37.000000','开空调最好别低于这个温度','积极','0.5899999737739563'),(347,'别放屁 我自己空调 我想咋吹咋吹 我舒服就完了呗','辽宁','男',110,408,155,'2025-07-16 10:02:01.000000','开空调最好别低于这个温度','中性','1'),(348,'想开多少开多少，别听它放屁','河北','男',71,68,9,'2025-07-16 10:00:38.000000','开空调最好别低于这个温度','积极','0.9800000190734864'),(349,'好搞笑，之前 26 度空调把我吹感冒了，喉咙难受身体虚弱，吹 25 以下就没事','香港','女',3,4,17,'2025-07-16 10:00:27.000000','开空调最好别低于这个温度','积极','1'),(350,'放屁！我试了，热死！','北京','女',823,234,3159,'2025-07-16 10:00:26.000000','开空调最好别低于这个温度','中性','0.75'),(351,'28度都有点冷','河南','男',288,43,482,'2025-07-16 10:00:26.000000','开空调最好别低于这个温度','中性','0.4699999988079071'),(352,'吹风扇是不是更好？','河北','男',36,362,2752,'2025-07-16 10:00:06.000000','开空调最好别低于这个温度','中性','0.7599999904632568'),(353,'这医院就好比抗日时期的大东亚共荣圈','广西','男',30,56,147,'2025-07-16 10:00:01.000000','开空调最好别低于这个温度','中性','0.9700000286102296'),(354,'我也是中医，我就要开22度，我就要开16度','四川','男',143,399,900,'2025-07-16 09:59:57.000000','开空调最好别低于这个温度','消极','0.9800000190734864'),(355,'28都冷','广东','男',64,563,1030,'2025-07-16 09:59:21.000000','开空调最好别低于这个温度','中性','0.4799999892711639'),(356,'还这个温度，直接写26度能亖吗','北京','女',1275,614,9541,'2025-07-16 09:58:53.000000','开空调最好别低于这个温度','中性','0.9900000095367432'),(357,'睡前29°之后30°主要没有32°','江苏','女',67,71,107,'2025-07-16 09:58:46.000000','开空调最好别低于这个温度','积极','0.8700000047683716'),(358,'我一般开26度','陕西','女',282,1166,369,'2025-07-16 09:56:53.000000','开空调最好别低于这个温度','中性','0.4199999868869781'),(359,'开28','北京','男',100,153,57,'2025-07-16 09:56:24.000000','开空调最好别低于这个温度','中性','0.3300000131130218'),(360,'20','广东','女',1067,1317,2257,'2025-07-16 09:55:55.000000','开空调最好别低于这个温度','中性','0.3600000143051147'),(361,'@应获德芙的雾里学家 破案了 你是空调病','海外','女',716,478,3910,'2025-07-16 09:54:50.000000','开空调最好别低于这个温度','积极','0.6399999856948853'),(362,'我开26度有时候还觉得稍微有点凉呢，没办法寒凉体质，就怕冷','海外','女',444,232,4697,'2025-07-16 09:54:29.000000','开空调最好别低于这个温度','消极','0.9900000095367432'),(363,'1','上海','男',320,1618,1036,'2025-07-16 09:54:17.000000','开空调最好别低于这个温度','中性','0.3700000047683716'),(364,'阴凉的地方还行，我们办公室一面都是晒着只能开18度，然后室内30度。','四川','男',1033,426,3250,'2025-07-16 09:53:56.000000','开空调最好别低于这个温度','积极','1'),(365,'干你屁事 我就爱开20度','上海','男',277,33,0,'2025-07-16 09:53:38.000000','开空调最好别低于这个温度','中性','0.449999988079071'),(366,'26度和不开有啥区别呢？','辽宁','男',491,252,163,'2025-07-16 09:52:57.000000','开空调最好别低于这个温度','积极','0.6200000047683716'),(367,'dsb','北京','男',1,31,1,'2025-07-16 09:52:44.000000','开空调最好别低于这个温度','中性','0.3899999856948852'),(368,'每个人的体质不同，各地湿度也不一样 ，单纯一刀切压根就不科学，按自己情况不过度贪凉即可，我家一般室温控制在23度，我感觉很舒适','湖北','女',145,390,1911,'2025-07-16 09:52:39.000000','开空调最好别低于这个温度','积极','1'),(369,'回复@一巴掌打四个人的美艳大小姐:是医术还是医德不行吗？比湖南湘雅强吧。','四川','男',1033,426,3250,'2025-07-16 09:52:39.000000','开空调最好别低于这个温度','积极','1'),(370,'我的20度算什么','黑龙江','女',89,586,37,'2025-07-16 09:52:35.000000','开空调最好别低于这个温度','中性','0.4900000095367431'),(371,'中日友好医院是什么东西','广东','男',184,354,244,'2025-07-16 09:52:28.000000','开空调最好别低于这个温度','中性','0.3899999856948852'),(372,'中日不可能友好。','山东','男',183,180,168,'2025-07-16 09:52:28.000000','开空调最好别低于这个温度','中性','0.4600000083446502'),(373,'@十十开心-','湖北','男',272,131,195,'2025-07-16 09:50:59.000000','开空调最好别低于这个温度','中性','0.5199999809265137'),(374,'我的房间没有树的遮挡  室内温度高达32度  开22度空调  依然有28度  开26是要把我热死吧','四川','女',49,354,31,'2025-07-16 09:50:56.000000','开空调最好别低于这个温度','积极','1'),(375,'昨天21度睡的','陕西','男',40586,153,931,'2025-07-16 09:49:35.000000','开空调最好别低于这个温度','中性','0.6000000238418579'),(376,'这个这个这个，你就不能打出来？非骗人进来','山东','男',257,628,1184,'2025-07-16 09:49:30.000000','开空调最好别低于这个温度','中性','0.959999978542328'),(377,'@四季和远方_','黑龙江','女',887,276,1920,'2025-07-16 09:49:23.000000','开空调最好别低于这个温度','中性','0.3799999952316284'),(378,'这两天郑州室外温度都在40℃以上，在室内开26℃跟没开差不多。医生的话不能不信，也不能全信，还是开24℃最舒服。','河南','男',59,165,10,'2025-07-16 09:48:28.000000','开空调最好别低于这个温度','积极','1'),(379,'还不低于26度，就重庆这40度天气，开26度相当于没开','重庆','男',1640,372,2170,'2025-07-16 09:48:14.000000','开空调最好别低于这个温度','积极','0.6100000143051147'),(380,'。。。。。。。','内蒙古','男',260,161,0,'2025-07-16 09:46:17.000000','开空调最好别低于这个温度','中性','1'),(381,'不低于哪个温度？','江苏','男',172,187,806,'2025-07-16 09:46:08.000000','开空调最好别低于这个温度','中性','0.9300000071525574'),(382,'一直24℃','辽宁','女',200,106,689,'2025-07-16 09:44:36.000000','开空调最好别低于这个温度','中性','0.4000000059604645'),(383,'废话真多','陕西','女',166,189,812,'2025-07-16 09:44:36.000000','开空调最好别低于这个温度','中性','0.5299999713897705'),(384,'这个医院就算了','天津','男',155,3442,7706,'2025-07-16 09:43:42.000000','开空调最好别低于这个温度','中性','0.8199999928474426'),(385,'最近咳嗽，喉咙痛也是这个原因引起的吗？','山西','女',5,576,953,'2025-07-16 09:43:04.000000','开空调最好别低于这个温度','中性','0.9900000095367432'),(386,'你想让我们省电直说','福建','男',6,42,98,'2025-07-16 09:41:58.000000','开空调最好别低于这个温度','积极','0.8399999737739563'),(387,'西安都43了你让我不低于26？','上海','女',72,131,790,'2025-07-16 09:41:36.000000','开空调最好别低于这个温度','中性','0.6600000262260437'),(388,'标题不能直接说不能低于26吗，非要玩点击率？','江苏','女',586,205,10491,'2025-07-16 09:40:53.000000','开空调最好别低于这个温度','中性','0.9900000095367432'),(389,'@x·小路','北京','女',144,350,72,'2025-07-16 09:40:44.000000','开空调最好别低于这个温度','中性','0.4199999868869781'),(390,'26度空调会臭','北京','女',72,139,266,'2025-07-16 09:40:42.000000','开空调最好别低于这个温度','中性','0.4600000083446502'),(391,'恰恰相反，我就是26度以下，每天先22度，屋里温度降下来了就固定25度。单位里20度……','四川','女',99,274,2930,'2025-07-16 09:40:36.000000','开空调最好别低于这个温度','积极','1'),(392,'这个号快养成了啊，厉害','浙江','男',35,619,5,'2025-07-16 09:38:31.000000','开空调最好别低于这个温度','中性','0.9399999976158142'),(393,'中国人用点能源怎么了？','上海','男',126,76,108,'2025-07-16 09:38:15.000000','开空调最好别低于这个温度','中性','0.5600000023841858'),(394,'那就不要设置这个温度','山东','女',843,251,15445,'2025-07-16 09:35:48.000000','开空调最好别低于这个温度','中性','0.8399999737739563'),(395,'中日友好医院，你就不要出来找存在感了吧','重庆','女',629,480,6075,'2025-07-16 09:34:03.000000','开空调最好别低于这个温度','积极','0.949999988079071'),(396,'开22体感28，外面四十度','陕西','女',171,246,308,'2025-07-16 09:32:22.000000','开空调最好别低于这个温度','中性','0.6299999952316284'),(397,'27度就觉得冷','甘肃','女',112,141,316,'2025-07-16 09:30:31.000000','开空调最好别低于这个温度','中性','0.6299999952316284'),(398,'放屁','陕西','男',367,1127,1520,'2025-07-16 09:28:20.000000','开空调最好别低于这个温度','中性','0.3400000035762787'),(399,'he tui~','北京','女',47,750,482,'2025-07-16 09:27:56.000000','开空调最好别低于这个温度','中性','0.4199999868869781'),(400,'空调20度跟没开一样，每天都是20度加开风扇，才有一些凉意，不然没法睡，热到流汗那种','河南','男',137,298,28,'2025-07-16 09:24:50.000000','开空调最好别低于这个温度','积极','1'),(401,'我26还感到热啊','海外','男',187,191,41,'2025-07-16 09:23:05.000000','开空调最好别低于这个温度','中性','0.8199999928474426'),(402,'我要空调来干嘛？摆设吗？','广东','男',308,152,97,'2025-07-16 09:20:27.000000','开空调最好别低于这个温度','中性','0.959999978542328'),(403,'要看室内温度好吧 营销号真是无脑','辽宁','女',239,122,1058,'2025-07-16 09:14:57.000000','开空调最好别低于这个温度','积极','0.9900000095367432'),(404,'你热搜不会直接写26？','浙江','女',5,29,44,'2025-07-16 09:15:59.000000','开空调最好别低于这个温度','积极','0.5299999713897705'),(405,'别说，真的容易感冒，我发现开26度及以上后，开个小风扇，不对着头吹，这样也很凉快，而且好像有点通风的效果！','陕西','男',21,34,257,'2025-07-16 09:03:32.000000','开空调最好别低于这个温度','积极','1'),(406,'你管人开多少度呢？','北京','男',268,179,2682,'2025-07-16 09:59:11.000000','开空调最好别低于这个温度','积极','0.9300000071525574'),(407,'你管我开多少度，你中日友好医院算个什么玩意','湖北','女',217,32,240,'2025-07-16 10:05:54.000000','开空调最好别低于这个温度','积极','1'),(408,'27度天天冷醒  主要还有个黄古林凉席','广东','男',8,31,5,'2025-07-16 09:58:56.000000','开空调最好别低于这个温度','中性','0.8700000047683716'),(409,'“人们长期在空调冷风环境下工作和生活，出现头晕、头痛、食欲不振、发热咳嗽、关节酸痛等” —— 胡说八道。只要温度不过低，不长时间直接吹风，哪里会有什么病。这个是砖家，不是专家。','海外','男',126,79,7714,'2025-07-16 09:56:02.000000','开空调最好别低于这个温度','积极','1'),(410,'不低于26度，难不成开30度吗','河南','女',29,90,418,'2025-07-16 09:52:52.000000','开空调最好别低于这个温度','中性','0.8500000238418579'),(411,'转发微博','河南','男',25,439,41527,'2025-07-16 09:47:53.000000','开空调最好别低于这个温度','中性','0.4099999964237213'),(412,'每天25','湖北','女',0,39,11,'2025-07-16 09:41:50.000000','开空调最好别低于这个温度','积极','0.4099999964237213'),(413,'上海太热了，不开空调受不了','上海','男',1,26,3,'2025-07-16 09:04:21.000000','开空调最好别低于这个温度','中性','1'),(414,'好','广东','女',0,21,0,'2025-07-15 23:46:18.000000','开空调最好别低于这个温度','中性','0.3400000035762787'),(415,'友好个批','陕西','男',1,5,0,'2025-07-16 10:03:07.000000','开空调最好别低于这个温度','中性','0.4199999868869781'),(416,'我都开23 度才凉快','浙江','女',163,652,1917,'2025-07-16 09:55:30.000000','开空调最好别低于这个温度','中性','0.5199999809265137'),(417,'扯淡，26 度会热死人','广东','男',7,315,17,'2025-07-16 09:38:50.000000','开空调最好别低于这个温度','中性','0.5'),(418,'好','上海','女',93,5154,3905,'2025-07-16 06:06:32.000000','开空调最好别低于这个温度','中性','0.3400000035762787'),(419,'笑死，你还记得空调是用来干嘛的吗？蠢货，买来不让自己舒服是不是傻啊','海南','男',151,140,507,'2025-07-16 10:10:59.000000','开空调最好别低于这个温度','积极','1'),(420,'以偏概全的东西，最恶心了','北京','女',131,424,3972,'2025-07-16 10:10:25.000000','开空调最好别低于这个温度','中性','0.9900000095367432'),(421,'#开空调最好别低于这个温度# 我觉得还要看空调的性能和你的环境大小，温度不绝对，主要是看体感','湖北','男',604641,598,3772,'2025-07-16 10:03:32.000000','开空调最好别低于这个温度','积极','1'),(422,'什么垃圾建议，我想开几度就几度…','广东','男',1502,359,1775,'2025-07-16 09:53:21.000000','开空调最好别低于这个温度','中性','0.9100000262260436'),(423,'空调电风扇一起感觉省电','广东','女',586,3254,2535,'2025-07-16 09:25:06.000000','开空调最好别低于这个温度','中性','0.9800000190734864'),(424,'27度够了','浙江','女',1952,4958,4100,'2025-07-16 09:24:25.000000','开空调最好别低于这个温度','中性','0.449999988079071'),(425,'从来没这么用过','福建','女',1163,5410,4623,'2025-07-16 09:24:15.000000','开空调最好别低于这个温度','中性','0.7400000095367432'),(426,'祛湿+26度','海外','女',383,1243,55733,'2025-07-16 09:24:44.000000','开空调最好别低于这个温度','中性','0.5099999904632568'),(427,'一般我都维持在27就行了','河北','女',13437,2803,72535,'2025-07-16 09:23:16.000000','开空调最好别低于这个温度','中性','0.4799999892711639'),(428,'确实是','辽宁','女',898,5309,23568,'2025-07-16 09:23:10.000000','开空调最好别低于这个温度','中性','0.3799999952316284'),(429,'反正来一整天','江苏','女',1928,8270,9268,'2025-07-16 09:25:38.000000','开空调最好别低于这个温度','中性','0.4000000059604645'),(430,'无所谓','海外','男',316,998,22784,'2025-07-16 09:23:11.000000','开空调最好别低于这个温度','中性','0.5600000023841858'),(431,'试试','天津','女',175,1750,33954,'2025-07-16 09:27:30.000000','开空调最好别低于这个温度','中性','0.4300000071525574'),(432,'没有','天津','女',28,958,20628,'2025-07-16 09:24:13.000000','开空调最好别低于这个温度','中性','0.3100000023841858'),(433,'无所谓','福建','男',657,4411,4980,'2025-07-16 09:23:50.000000','开空调最好别低于这个温度','中性','0.5600000023841858'),(434,'我开27℃','台湾','女',463,300,269,'2025-07-16 09:23:10.000000','开空调最好别低于这个温度','中性','0.4399999976158142'),(435,'省电靠模式，温度26起步','海外','女',1803185,19,110,'2025-07-16 09:35:47.000000','开空调最好别低于这个温度','积极','0.699999988079071'),(436,'嗯，是这个样子的','广东','女',2830,8585,6972,'2025-07-16 09:23:26.000000','开空调最好别低于这个温度','中性','0.4799999892711639'),(437,'还没试过','福建','女',163,4244,5748,'2025-07-16 09:23:29.000000','开空调最好别低于这个温度','中性','0.5799999833106995'),(438,'空调开26.7度还有啥意义必须lo','天津','男',266,295,607,'2025-07-16 10:05:29.000000','开空调最好别低于这个温度','中性','0.8199999928474426'),(439,'睡觉开28度还要盖个毛巾被','湖南','男',31,30,5,'2025-07-16 09:58:54.000000','开空调最好别低于这个温度','中性','0.9900000095367432'),(440,'不开最省电   买的起马 还配不起鞍了','陕西','男',30,42,160,'2025-07-16 09:52:54.000000','开空调最好别低于这个温度','积极','0.5600000023841858'),(441,'风速自动呢','北京','女',483,2142,1822,'2025-07-16 09:51:03.000000','开空调最好别低于这个温度','中性','0.5199999809265137'),(442,'等下去试试','福建','男',163,2895,2386,'2025-07-16 09:23:39.000000','开空调最好别低于这个温度','中性','0.449999988079071'),(443,'所谓26度就是扯淡，毫无科学依据，就是当年绿发组织之类为了自己利益大忽悠的，和每天关灯一分钟一样。','安徽','男',1503,720,9595,'2025-07-16 09:52:11.000000','开空调最好别低于这个温度','积极','1'),(444,'可以','天津','女',1439,1075,31441,'2025-07-16 09:26:21.000000','开空调最好别低于这个温度','中性','0.4099999964237213');

/*Table structure for table `part1` */

DROP TABLE IF EXISTS `part1`;

CREATE TABLE `part1` (
  `name` varchar(55) DEFAULT NULL,
  `value` float DEFAULT NULL
) ENGINE=InnoDB DEFAULT CHARSET=utf8mb4 COLLATE=utf8mb4_0900_ai_ci;

/*Data for the table `part1` */

insert  into `part1`(`name`,`value`) values ('上海',7124.52),('云南',6499.67),('内蒙古',2844.5),('北京',6393.63),('台湾',9994),('吉林',1087.5),('四川',2746.27),('天津',8443.67),('宁夏',472),('安徽',1821.3),('山东',2513.06),('山西',631.2),('广东',2633.98),('广西',528),('新疆',12416),('江苏',3212.82),('江西',886.25),('河北',6614.46),('河南',4312.89),('浙江',1998.44),('海南',1060.2),('海外',9433.96),('湖北',3190.2),('湖南',1124.78),('甘肃',661),('福建',5350.33),('西藏',940.5),('辽宁',3598.8),('重庆',7069.55),('陕西',632.55),('香港',712.5),('黑龙江',552.5);

/*Table structure for table `part2` */

DROP TABLE IF EXISTS `part2`;

CREATE TABLE `part2` (
  `keyword` varchar(255) DEFAULT NULL,
  `comment_date` varchar(255) DEFAULT NULL,
  `comment_num` varchar(255) DEFAULT NULL
) ENGINE=InnoDB DEFAULT CHARSET=utf8mb4 COLLATE=utf8mb4_0900_ai_ci;

/*Data for the table `part2` */

insert  into `part2`(`keyword`,`comment_date`,`comment_num`) values ('1岁工作22岁退休喜提69万退休金','2025-06-27 04','1'),('1岁工作22岁退休喜提69万退休金','2025-06-27 08','1'),('1岁工作22岁退休喜提69万退休金','2025-06-27 20','1'),('1岁工作22岁退休喜提69万退休金','2025-07-15 20','3'),('1岁工作22岁退休喜提69万退休金','2025-07-15 21','5'),('1岁工作22岁退休喜提69万退休金','2025-07-15 22','1'),('1岁工作22岁退休喜提69万退休金','2025-07-16 00','1'),('1岁工作22岁退休喜提69万退休金','2025-07-16 03','1'),('1岁工作22岁退休喜提69万退休金','2025-07-16 07','4'),('1岁工作22岁退休喜提69万退休金','2025-07-16 08','2'),('1岁工作22岁退休喜提69万退休金','2025-07-16 09','206'),('1岁工作22岁退休喜提69万退休金','2025-07-16 10','48'),('开空调最好别低于这个温度','2025-07-15 22','2'),('开空调最好别低于这个温度','2025-07-15 23','1'),('开空调最好别低于这个温度','2025-07-16 00','1'),('开空调最好别低于这个温度','2025-07-16 06','1'),('开空调最好别低于这个温度','2025-07-16 07','1'),('开空调最好别低于这个温度','2025-07-16 08','3'),('开空调最好别低于这个温度','2025-07-16 09','102'),('开空调最好别低于这个温度','2025-07-16 10','59');

/*Table structure for table `part3` */

DROP TABLE IF EXISTS `part3`;

CREATE TABLE `part3` (
  `keyword` varchar(255) DEFAULT NULL,
  `gender` varchar(255) DEFAULT NULL,
  `comment_num` varchar(255) DEFAULT NULL
) ENGINE=InnoDB DEFAULT CHARSET=utf8mb4 COLLATE=utf8mb4_0900_ai_ci;

/*Data for the table `part3` */

insert  into `part3`(`keyword`,`gender`,`comment_num`) values ('1岁工作22岁退休喜提69万退休金','女','163'),('1岁工作22岁退休喜提69万退休金','男','111'),('开空调最好别低于这个温度','女','88'),('开空调最好别低于这个温度','男','82');

/*Table structure for table `part4` */

DROP TABLE IF EXISTS `part4`;

CREATE TABLE `part4` (
  `name` varchar(255) DEFAULT NULL,
  `value` varchar(255) DEFAULT NULL
) ENGINE=InnoDB DEFAULT CHARSET=utf8mb4 COLLATE=utf8mb4_0900_ai_ci;

/*Data for the table `part4` */

insert  into `part4`(`name`,`value`) values ('中性','294'),('积极','141'),('消极','9');

/*Table structure for table `part5` */

DROP TABLE IF EXISTS `part5`;

CREATE TABLE `part5` (
  `name` varchar(255) DEFAULT NULL,
  `value` varchar(255) DEFAULT NULL
) ENGINE=InnoDB DEFAULT CHARSET=utf8mb4 COLLATE=utf8mb4_0900_ai_ci;

/*Data for the table `part5` */

insert  into `part5`(`name`,`value`) values ('1岁工作22岁退休喜提69万退休金','0.7215328483033354'),('开空调最好别低于这个温度','0.7087647057631437');

/*Table structure for table `user_userinfo` */

DROP TABLE IF EXISTS `user_userinfo`;

CREATE TABLE `user_userinfo` (
  `id` bigint NOT NULL AUTO_INCREMENT,
  `username` varchar(20) NOT NULL,
  `password` varchar(40) NOT NULL,
  `uemail` varchar(30) CHARACTER SET utf8mb4 COLLATE utf8mb4_0900_ai_ci NOT NULL,
  `uaddress` varchar(30) NOT NULL,
  `uyoubian` varchar(30) NOT NULL,
  `uphone` varchar(30) NOT NULL,
  `create_time` datetime(6) NOT NULL,
  `avatar` longtext NOT NULL,
  PRIMARY KEY (`id`)
) ENGINE=InnoDB AUTO_INCREMENT=3 DEFAULT CHARSET=utf8mb4 COLLATE=utf8mb4_0900_ai_ci;

/*Data for the table `user_userinfo` */

insert  into `user_userinfo`(`id`,`username`,`password`,`uemail`,`uaddress`,`uyoubian`,`uphone`,`create_time`,`avatar`) values (2,'admin','123456','admin@qq.com','dd','sss','1122233456','2025-07-23 08:11:03.314309','/static/img/default.jpg');

/*!40101 SET SQL_MODE=@OLD_SQL_MODE */;
/*!40014 SET FOREIGN_KEY_CHECKS=@OLD_FOREIGN_KEY_CHECKS */;
/*!40014 SET UNIQUE_CHECKS=@OLD_UNIQUE_CHECKS */;
/*!40111 SET SQL_NOTES=@OLD_SQL_NOTES */;
