评论内容,地区,性别,粉丝数,关注数,用户发布微博数,评论时间,评论所属热搜,lstm_result,lstm_score
太荒唐了,河北,女,128,102,60,2025-06-27 20:56:28+08:00,1岁工作22岁退休喜提69万退休金,中性,0.7599999904632568
太正常了 我听说过好多毕业就领退休金的,广东,女,307,202,202,2025-07-16 09:56:00+08:00,1岁工作22岁退休喜提69万退休金,中性,0.75
县城婆罗门,山东,男,163,158,59,2025-07-16 09:57:39+08:00,1岁工作22岁退休喜提69万退休金,中性,0.6200000047683716
有这种工作要学会分享啊我好为后代准备,江苏,女,10688,505,10190,2025-07-16 09:57:10+08:00,1岁工作22岁退休喜提69万退休金,消极,0.7300000190734863
县城婆罗门很正常,河南,男,39,1539,251,2025-07-16 09:58:38+08:00,1岁工作22岁退休喜提69万退休金,中性,0.6800000071525574
……不是说都不够发,河北,女,52,300,157,2025-07-16 09:58:26+08:00,1岁工作22岁退休喜提69万退休金,中性,0.7400000095367432
呵呵呵,安徽,男,170,180,27,2025-06-27 08:24:00+08:00,1岁工作22岁退休喜提69万退休金,中性,0.3400000035762787
要他们还回来,浙江,女,5,254,133,2025-07-16 10:11:59+08:00,1岁工作22岁退休喜提69万退休金,中性,0.2800000011920929
一定要追回我们的钱。,北京,女,205,522,2629,2025-07-16 10:09:06+08:00,1岁工作22岁退休喜提69万退休金,中性,0.33000001311302185
离谱,江苏,女,160,229,10289,2025-07-16 10:12:12+08:00,1岁工作22岁退休喜提69万退休金,中性,0.38999998569488525
能每个地方都查吗？我相信每个不透明的小地方都有！,上海,女,3,167,387,2025-07-16 10:09:50+08:00,1岁工作22岁退休喜提69万退休金,积极,1.0
哦#山西蒲县疾控一职工1岁工作22岁退休#,湖北,女,291,2658,11890,2025-07-16 10:08:26+08:00,1岁工作22岁退休喜提69万退休金,积极,0.7699999809265137
哎呀我去，天方夜谭这不就来了,河南,男,617,426,2513,2025-07-16 09:58:47+08:00,1岁工作22岁退休喜提69万退休金,中性,0.7599999904632568
养老金就是这么没了的,海南,女,74,155,383,2025-07-16 09:59:36+08:00,1岁工作22岁退休喜提69万退休金,中性,0.8999999761581421
这个影响xx吗,辽宁,男,38,138,67,2025-07-16 10:12:43+08:00,1岁工作22岁退休喜提69万退休金,中性,0.7200000286102295
…,浙江,男,152,429,3036,2025-07-16 10:12:37+08:00,1岁工作22岁退休喜提69万退休金,中性,0.36000001430511475
转发微博,北京,女,477,1936,5884,2025-07-16 10:11:55+08:00,1岁工作22岁退休喜提69万退休金,中性,0.36000001430511475
太扯了吧,四川,女,332,820,748,2025-07-16 10:11:48+08:00,1岁工作22岁退休喜提69万退休金,中性,0.7400000095367432
转发微博,上海,女,197,99,6121,2025-07-16 10:11:46+08:00,1岁工作22岁退休喜提69万退休金,中性,0.36000001430511475
这套路马斯克熟,辽宁,男,32,311,951,2025-07-16 10:10:35+08:00,1岁工作22岁退休喜提69万退休金,中性,0.3700000047683716
还笑对面200岁的,江苏,男,50,135,39,2025-07-16 10:09:40+08:00,1岁工作22岁退休喜提69万退休金,积极,0.5099999904632568
如果你觉得太累了，是因为有人替你享受,浙江,男,556,464,753,2025-07-16 10:09:23+08:00,1岁工作22岁退休喜提69万退休金,积极,0.9599999785423279
这种黑幕都不知道还有多少没被爆出来的,重庆,女,118,1668,418,2025-07-16 10:09:21+08:00,1岁工作22岁退休喜提69万退休金,中性,1.0
这人不抓起来么,北京,男,56,261,314,2025-07-16 10:08:45+08:00,1岁工作22岁退休喜提69万退休金,中性,0.6800000071525574
“为打工而生”,广东,女,12,33,89,2025-07-16 10:08:43+08:00,1岁工作22岁退休喜提69万退休金,积极,0.9100000262260437
正常,福建,女,49,42,0,2025-07-16 10:08:22+08:00,1岁工作22岁退休喜提69万退休金,中性,0.3199999928474426
@Dodogo_o,四川,女,381,137,0,2025-07-16 10:05:44+08:00,1岁工作22岁退休喜提69万退休金,积极,0.47999998927116394
6,海外,女,39,259,1221,2025-07-16 10:04:04+08:00,1岁工作22岁退休喜提69万退休金,中性,0.38999998569488525
@鸽子潮,湖南,男,471,316,877,2025-07-16 10:02:35+08:00,1岁工作22岁退休喜提69万退休金,中性,0.49000000953674316
呵呵,云南,男,566,5373,23564,2025-07-16 10:01:37+08:00,1岁工作22岁退休喜提69万退休金,中性,0.3499999940395355
好离谱,山西,女,27,447,138,2025-07-16 10:00:52+08:00,1岁工作22岁退休喜提69万退休金,中性,0.3400000035762787
66666好算盘,广东,女,4,1004,1410,2025-07-16 10:00:04+08:00,1岁工作22岁退休喜提69万退休金,中性,0.4699999988079071
不止这一个吧？,上海,女,78,72,68,2025-07-16 09:59:56+08:00,1岁工作22岁退休喜提69万退休金,中性,0.7099999785423279
真敢呀？,河南,女,248,1130,11178,2025-07-16 09:59:38+08:00,1岁工作22岁退休喜提69万退休金,积极,0.6899999976158142
又是我们,山西,男,221,705,506,2025-07-16 09:59:27+08:00,1岁工作22岁退休喜提69万退休金,中性,0.5299999713897705
一个县都敢这样，可想而知,江苏,男,139,116,1294,2025-07-16 09:59:25+08:00,1岁工作22岁退休喜提69万退休金,积极,0.8799999952316284
怎么敢的！,四川,男,301,543,1764,2025-07-16 09:59:12+08:00,1岁工作22岁退休喜提69万退休金,积极,0.6000000238418579
也没什么处罚,安徽,男,123,401,4170,2025-07-16 09:59:10+08:00,1岁工作22岁退休喜提69万退休金,消极,0.699999988079071
转发微博,广东,男,520,888,7434,2025-07-16 09:58:50+08:00,1岁工作22岁退休喜提69万退休金,中性,0.36000001430511475
唉,江苏,女,59,97,1487,2025-07-16 09:58:03+08:00,1岁工作22岁退休喜提69万退休金,中性,0.3499999940395355
#山西蒲县疾控一职工1岁工作22岁退休# #山西蒲县疾控一职工1岁工作22岁退休# #山西蒲县疾控一职工1岁工作22岁退休#,天津,男,30,100,820,2025-07-16 09:57:51+08:00,1岁工作22岁退休喜提69万退休金,积极,1.0
不懂就问，需要这么多人嘛,河北,女,69,383,560,2025-07-16 09:57:01+08:00,1岁工作22岁退休喜提69万退休金,中性,0.4399999976158142
山西嘛，正常,陕西,男,92,32,20,2025-07-16 09:56:08+08:00,1岁工作22岁退休喜提69万退休金,中性,0.41999998688697815
哈哈哈哈,湖南,男,7,128,12,2025-07-16 09:55:18+08:00,1岁工作22岁退休喜提69万退休金,中性,0.3499999940395355
…,上海,女,214,5130,8943,2025-07-16 09:55:13+08:00,1岁工作22岁退休喜提69万退休金,中性,0.36000001430511475
其实没必要报道、弄的好像很奇怪一样,浙江,男,28,27,21,2025-07-16 10:10:33+08:00,1岁工作22岁退休喜提69万退休金,积极,0.5899999737739563
#山西蒲县疾控一职工1岁工作22岁退休# ？谁给办的能不能给我也办一个#现场直击#,浙江,男,11,34,9,2025-07-16 09:58:29+08:00,1岁工作22岁退休喜提69万退休金,积极,1.0
叫什么名字？什么职位？怎么不公开？,海外,女,68,225,5881,2025-07-16 09:57:08+08:00,1岁工作22岁退休喜提69万退休金,积极,0.699999988079071
惩罚呢？,湖南,女,343,678,1927,2025-07-16 10:12:56+08:00,1岁工作22岁退休喜提69万退休金,中性,0.3499999940395355
严查！,四川,女,69,131,104,2025-07-16 10:12:23+08:00,1岁工作22岁退休喜提69万退休金,中性,0.41999998688697815
犯罪了吧,浙江,女,109,2250,12163,2025-07-16 10:12:18+08:00,1岁工作22岁退休喜提69万退休金,中性,0.5899999737739563
应该不止篡改档案吧 某些便利应该孩子还没出生就已经安排进编占领岗位了吧,山东,女,317,259,1295,2025-07-16 10:10:46+08:00,1岁工作22岁退休喜提69万退休金,中性,1.0
驴得水？？？,安徽,男,28,54,30,2025-07-16 10:10:30+08:00,1岁工作22岁退休喜提69万退休金,中性,0.4300000071525574
建议：限期自查，有违规主动退还，过期严办入狱。,北京,女,431,1428,13837,2025-07-16 10:09:48+08:00,1岁工作22岁退休喜提69万退休金,中性,0.800000011920929
前段时间说人美国300岁老人呢，看样子也是说人不如人呀。,海外,男,450,436,3669,2025-07-16 10:08:39+08:00,1岁工作22岁退休喜提69万退休金,积极,1.0
唐僧肉，是个小鬼就想咬一口，关键还确实能咬上。,山东,男,21,406,1095,2025-07-16 09:58:53+08:00,1岁工作22岁退休喜提69万退休金,积极,0.5400000214576721
这不是犯罪吗？涉嫌诈骗，69万，够判刑了。,江苏,男,7,204,102,2025-07-16 09:57:59+08:00,1岁工作22岁退休喜提69万退休金,中性,0.9800000190734863
山西特色啊，泥马狗山西真是越来越离谱了,天津,男,16,56,247,2025-07-16 09:57:39+08:00,1岁工作22岁退休喜提69万退休金,中性,1.0
和美国三百岁老人领养老金有异曲同工之妙🙊,天津,男,149,275,330,2025-07-16 09:57:17+08:00,1岁工作22岁退休喜提69万退休金,积极,1.0
这他妈比特朗普还离谱,湖南,男,32,93,10,2025-07-16 09:56:13+08:00,1岁工作22岁退休喜提69万退休金,中性,0.4099999964237213
纳税人的钱去哪里了,湖南,女,46,312,1328,2025-07-16 09:55:48+08:00,1岁工作22岁退休喜提69万退休金,中性,0.7400000095367432
跟美国差不多嘛，200岁还在领退休金,广东,男,787,363,13,2025-07-16 09:55:42+08:00,1岁工作22岁退休喜提69万退休金,积极,1.0
人豺,广东,男,509,139,9432,2025-06-27 04:52:41+08:00,1岁工作22岁退休喜提69万退休金,中性,0.38999998569488525
不只要带大名，还要带工作单位，看看是哪个系统的关系户啊,湖北,男,543,2001,19989,2025-07-15 20:42:11+08:00,1岁工作22岁退休喜提69万退休金,积极,1.0
2.8w人偷了5e，这5e还只是400e的零头大头谁吃了,上海,男,159,503,2488,2025-07-16 07:10:25+08:00,1岁工作22岁退休喜提69万退休金,中性,0.7799999713897705
所以是怎么过审的，审核部分和发放部门不追责吗？,上海,女,31457,1000,39313,2025-07-15 20:49:55+08:00,1岁工作22岁退休喜提69万退休金,中性,0.8899999856948853
一边不够，一边又狂拿是吧。。。,北京,女,204,401,13146,2025-07-15 21:44:12+08:00,1岁工作22岁退休喜提69万退休金,积极,0.9900000095367432
热搜在哪里通报在哪里大名在哪里,广东,女,1059,470,3566,2025-07-15 21:24:10+08:00,1岁工作22岁退休喜提69万退休金,中性,0.5299999713897705
我也想22岁退休,台湾,女,386,408,3540,2025-07-15 20:42:07+08:00,1岁工作22岁退休喜提69万退休金,中性,0.3499999940395355
前阵子还笑话老美，,天津,男,228,82,285,2025-07-16 08:51:46+08:00,1岁工作22岁退休喜提69万退休金,积极,0.9800000190734863
这难道不是有损国格吗,河南,女,263,1033,6621,2025-07-16 07:46:25+08:00,1岁工作22岁退休喜提69万退休金,中性,0.38999998569488525
一边抱怨没有人养老，一边利用能利用的一切去占用别人的养老生命谋财害命真有你的,上海,男,83,309,15,2025-07-16 09:22:26+08:00,1岁工作22岁退休喜提69万退休金,积极,1.0
身边就有30多点就不上班一直领工资的，还有20多年没上过班占着编制到退休领退休金的。觉得自己天天那么辛苦好无助。,湖北,女,49,336,2834,2025-07-16 09:02:20+08:00,1岁工作22岁退休喜提69万退休金,中性,1.0
能不能实名制啊,安徽,女,351,1594,8197,2025-07-16 09:17:53+08:00,1岁工作22岁退休喜提69万退休金,中性,0.3199999928474426
监守自盗的蛀虫,黑龙江,女,6,649,580,2025-07-16 09:38:03+08:00,1岁工作22岁退休喜提69万退休金,中性,0.5600000023841858
@中国新闻网 带有真实姓名报道一下呢,海外,女,24,1654,3133,2025-07-16 09:28:17+08:00,1岁工作22岁退休喜提69万退休金,积极,0.8500000238418579
山西真是贴合刻板印象 敢不敢公布出来挪用详情啊,香港,女,36,1295,1408,2025-07-16 07:32:01+08:00,1岁工作22岁退休喜提69万退休金,积极,1.0
还以为美国从明代活到现在很牛逼了。没想到我们还有出生就能打工的天选牛马。,浙江,男,273,371,264,2025-07-16 09:39:31+08:00,1岁工作22岁退休喜提69万退休金,积极,1.0
就应该曝光一下扬我国威//@Sheona_Nickrick见过柠梨版:easy媒体//@半熟芝士吃不够:这种真正该曝光审判 而且确实违法犯罪的反而没有媒体去实名报道了啊,北京,男,17,311,2233,2025-07-16 03:56:54+08:00,1岁工作22岁退休喜提69万退休金,积极,1.0
我也想啊,广东,女,46,310,3000,2025-07-15 22:21:28+08:00,1岁工作22岁退休喜提69万退休金,中性,0.3700000047683716
冰山一块罢了,河南,男,387,595,56,2025-07-16 09:40:32+08:00,1岁工作22岁退休喜提69万退休金,中性,0.5899999737739563
移交纪委啊，直接操作人应该判刑，审批人应该定渎职罪,江苏,女,19,161,2305,2025-07-16 09:40:28+08:00,1岁工作22岁退休喜提69万退休金,中性,1.0
通报呢？单位呢？大名呢？全媒体报道呢？这下遮遮掩掩了？,海外,女,342,421,2634,2025-07-16 09:20:05+08:00,1岁工作22岁退休喜提69万退休金,积极,1.0
我交的钱,广东,男,160,183,1515,2025-07-16 08:58:54+08:00,1岁工作22岁退休喜提69万退休金,中性,0.6899999976158142
还钱,云南,女,1113,1675,13426,2025-07-15 21:30:03+08:00,1岁工作22岁退休喜提69万退休金,中性,0.5099999904632568
姓名，籍贯，单位之类麻烦也爆出来！敢贪污敢作假就得拉出来游街，游街完该赔钱赔钱，该坐牢坐牢，谢谢！这要放在朱元璋时期，还得剥皮萱草呢，现在已经很仁慈了,广东,女,92,198,3646,2025-07-16 10:10:10+08:00,1岁工作22岁退休喜提69万退休金,积极,1.0
@惊起一摊肥猫 @悦哒悦哒 我靠我看见这个我头皮发麻,北京,女,141,762,1552,2025-07-16 09:49:34+08:00,1岁工作22岁退休喜提69万退休金,积极,1.0
不懂就问，这个算有损国格吗@大连工业大学,西藏,女,72,728,378,2025-07-16 09:45:32+08:00,1岁工作22岁退休喜提69万退休金,中性,0.6100000143051147
一岁是来不及了，我想现在退休领退休金行不行啊,安徽,女,16,377,1299,2025-07-16 09:42:47+08:00,1岁工作22岁退休喜提69万退休金,中性,1.0
我希望我能从妈妈还在姥姥肚子里的时候就开始算我的工龄,福建,女,86,119,425,2025-07-16 09:31:39+08:00,1岁工作22岁退休喜提69万退休金,中性,0.9399999976158142
怎么处罚的？总该有人坐牢吧？？这不是最根本的严重事件吗？养老保险还要哭穷吗？？？,四川,男,304,1675,2572,2025-07-16 09:16:20+08:00,1岁工作22岁退休喜提69万退休金,中性,0.46000000834465027
山西每次出名都不是啥好事,山西,男,144,168,877,2025-07-16 09:01:05+08:00,1岁工作22岁退休喜提69万退休金,积极,0.7099999785423279
#1岁工作22岁退休# 简直是天才，霉一个适人,湖北,女,236,2261,1738,2025-07-16 00:46:32+08:00,1岁工作22岁退休喜提69万退休金,中性,0.75
这种好离谱啊,海外,女,39,696,1851,2025-07-15 21:52:06+08:00,1岁工作22岁退休喜提69万退休金,中性,0.38999998569488525
怎么过审的，审核部分和发放部门不追责吗？,海外,女,1422994,744,74130,2025-07-16 09:49:26+08:00,1岁工作22岁退休喜提69万退休金,中性,0.7200000286102295
热搜不说了嘛1岁工作22岁“退休”，估计这些时日人已经“安息”了！,海外,女,29325,16,613,2025-07-16 09:45:20+08:00,1岁工作22岁退休喜提69万退休金,积极,1.0
离谱的不是「1岁工作22岁退休」而是『层层过审』,北京,男,1908911,478,26289,2025-07-16 09:40:23+08:00,1岁工作22岁退休喜提69万退休金,中性,0.7699999809265137
绝了绝了,海外,女,42,288,92,2025-07-16 09:29:42+08:00,1岁工作22岁退休喜提69万退休金,中性,0.8899999856948853
这合理吗,浙江,女,20377,291,1043,2025-07-16 10:06:09+08:00,1岁工作22岁退休喜提69万退休金,中性,0.5199999809265137
1岁工作，活到360岁,北京,男,67,201,28,2025-07-16 09:52:08+08:00,1岁工作22岁退休喜提69万退休金,中性,0.38999998569488525
#1岁工作22岁退休喜提69万退休金# 查到最后都是官员家属，普通人没这能力。,上海,女,243479,92,6372,2025-07-16 09:48:43+08:00,1岁工作22岁退休喜提69万退休金,积极,1.0
姓名都通报一下啊,重庆,女,2561,302,9486,2025-07-16 09:46:48+08:00,1岁工作22岁退休喜提69万退休金,中性,0.7599999904632568
家族传承吾辈责嘛，要是去网吧上班哪有时间多泡几个开枝散叶,四川,男,452,565,19423,2025-07-16 09:46:32+08:00,1岁工作22岁退休喜提69万退休金,中性,0.36000001430511475
那我这么多年交的社保算什么,四川,女,481,2716,7315,2025-07-16 09:45:35+08:00,1岁工作22岁退休喜提69万退休金,中性,0.3499999940395355
怎么会这么贱啊,四川,女,295,136,6291,2025-07-16 09:43:55+08:00,1岁工作22岁退休喜提69万退休金,中性,0.3700000047683716
被谁 25省份呢不写清楚点,新疆,男,250,3361,24530,2025-07-16 09:41:24+08:00,1岁工作22岁退休喜提69万退休金,积极,0.699999988079071
立了个大谱,广东,女,10405,220,1070,2025-07-16 09:41:08+08:00,1岁工作22岁退休喜提69万退休金,中性,0.5699999928474426
这怎么不是输在起跑线上呢？我大学还没毕业，别人已经退休了#1岁工作22岁退休#,上海,女,726,438,59275,2025-07-16 09:40:46+08:00,1岁工作22岁退休喜提69万退休金,中性,1.0
啧啧啧,广西,女,240,418,1261,2025-07-16 09:39:31+08:00,1岁工作22岁退休喜提69万退休金,中性,0.3499999940395355
是人话吗？怎么连起来我都要看不懂了，腐败到这种地步吗,安徽,男,64,159,317,2025-07-16 09:34:25+08:00,1岁工作22岁退休喜提69万退休金,积极,0.7200000286102295
前同事82年出生的  15岁就开始交社保了如何呢,宁夏,男,84,165,472,2025-07-16 09:34:15+08:00,1岁工作22岁退休喜提69万退休金,积极,1.0
有没有可能是个假人,浙江,男,736077,613,20409,2025-07-16 09:33:56+08:00,1岁工作22岁退休喜提69万退休金,消极,0.8500000238418579
我交的钱啊哎,广东,女,782,412,6926,2025-07-16 09:30:46+08:00,1岁工作22岁退休喜提69万退休金,中性,0.8600000143051147
今年社保又贵了 又要补交 这么国库空虚吗 钱去这些人手里了,浙江,女,24600,291,631,2025-07-16 09:30:45+08:00,1岁工作22岁退休喜提69万退休金,中性,0.9900000095367432
这样的蛆虫不知道有多少呢，曝不完的,云南,女,8,103,6,2025-07-16 09:28:35+08:00,1岁工作22岁退休喜提69万退休金,中性,0.5600000023841858
@恋爱脑袋小志志,陕西,女,216,94,222,2025-07-16 09:28:16+08:00,1岁工作22岁退休喜提69万退休金,中性,0.4000000059604645
有蛀虫肯定不够啊,海外,男,2630,27,12073,2025-07-16 09:27:24+08:00,1岁工作22岁退休喜提69万退休金,中性,0.47999998927116394
这不和美国查的那种二三百岁老人一样了吗,辽宁,女,289,399,3772,2025-07-16 09:27:12+08:00,1岁工作22岁退休喜提69万退休金,积极,1.0
东北原本那种编制单位的，去查查好多都是提早办理病退的,浙江,女,234,649,463,2025-07-16 09:19:38+08:00,1岁工作22岁退休喜提69万退休金,积极,1.0
钱不缺，无非是发给谁,湖北,男,307,107,489,2025-07-16 09:19:34+08:00,1岁工作22岁退休喜提69万退休金,中性,0.9300000071525574
@要快乐的水蜜桃,江苏,女,167,116,5823,2025-07-16 07:46:19+08:00,1岁工作22岁退休喜提69万退休金,积极,0.5299999713897705
这种不配拥有个带大名热搜吗,安徽,女,558,872,6822,2025-07-15 21:40:17+08:00,1岁工作22岁退休喜提69万退休金,积极,0.699999988079071
怪不得养老金不够用，怎么没有早点查出来，这个算法能不能加入Ai计算检查，就不会弄假吧,重庆,女,431,1206,4793,2025-07-16 09:52:35+08:00,1岁工作22岁退休喜提69万退休金,中性,1.0
这和马斯克上半年爆出来的美国300岁老人有啥区别············,山东,男,1397,865,197,2025-07-16 09:48:55+08:00,1岁工作22岁退休喜提69万退休金,积极,0.9700000286102295
老中老美真是一辈子的好朋友,安徽,男,146,238,638,2025-07-16 09:46:15+08:00,1岁工作22岁退休喜提69万退休金,积极,0.9900000095367432
之前还觉得漂亮国的300岁领退休金奇幻……,辽宁,男,170,347,521,2025-07-16 09:42:02+08:00,1岁工作22岁退休喜提69万退休金,积极,0.6000000238418579
严查严惩，不然显得我们这些打工人像个傻子,福建,男,99,465,1226,2025-07-16 09:37:55+08:00,1岁工作22岁退休喜提69万退休金,中性,0.949999988079071
前几个月还在嘲笑美国呐,内蒙古,男,108,39,204,2025-07-16 09:29:31+08:00,1岁工作22岁退休喜提69万退休金,积极,0.9100000262260437
这不也是贪污吗？每年的审计 年底清算怎么算的呢？,上海,女,628,2752,9083,2025-07-16 09:28:26+08:00,1岁工作22岁退休喜提69万退休金,中性,0.6000000238418579
体制内的“含金量”还在上升,湖北,女,11,92,524,2025-07-16 09:26:16+08:00,1岁工作22岁退休喜提69万退休金,积极,0.9100000262260437
多了去了，你就查吧，一查一个不吱声,河北,女,452,42,393,2025-07-16 09:26:04+08:00,1岁工作22岁退休喜提69万退休金,积极,0.9100000262260437
前段时间还在笑美国,安徽,女,31,377,2,2025-07-16 09:06:48+08:00,1岁工作22岁退休喜提69万退休金,积极,0.8999999761581421
《喜提》还挺骄傲,江苏,女,384,734,558,2025-07-16 10:13:49+08:00,1岁工作22岁退休喜提69万退休金,积极,0.5
怪不得年年涨，,广东,男,8,57,8,2025-07-16 10:11:41+08:00,1岁工作22岁退休喜提69万退休金,中性,0.6600000262260437
谁啊谁啊  放出大名看看,广东,女,237,892,18273,2025-07-16 10:11:02+08:00,1岁工作22岁退休喜提69万退休金,积极,0.9300000071525574
6,山东,男,2474,855,1020,2025-07-16 10:11:02+08:00,1岁工作22岁退休喜提69万退休金,中性,0.38999998569488525
这种贪别人血汗钱的就该判死刑,北京,女,62,492,139,2025-07-16 10:07:51+08:00,1岁工作22岁退休喜提69万退休金,中性,0.7699999809265137
我老公老问我为啥人家那么有钱，干啥挣的，我现在知道了，人家用头脑挣得，这种事我划破脑袋我也想不到的事啊，我就是四肢发达头脑简单的人,黑龙江,女,136,326,7,2025-07-16 10:06:11+08:00,1岁工作22岁退休喜提69万退休金,中性,1.0
吃公粮的就是好,浙江,女,67,191,69,2025-07-16 10:05:23+08:00,1岁工作22岁退休喜提69万退休金,中性,0.46000000834465027
离谱 太离谱了！,广东,女,186,139,104,2025-07-16 10:03:33+08:00,1岁工作22岁退休喜提69万退休金,中性,0.7799999713897705
哈哈哈,山东,女,85,264,206,2025-07-16 10:02:18+08:00,1岁工作22岁退休喜提69万退休金,中性,0.3499999940395355
政府是他家，养老靠大家~~~,四川,女,1,62,249,2025-07-16 10:00:49+08:00,1岁工作22岁退休喜提69万退休金,中性,0.6499999761581421
好大胆子,广东,女,28454,175,2798,2025-07-16 10:00:36+08:00,1岁工作22岁退休喜提69万退休金,积极,0.5
层层过审了 呵呵 400e够发展教育 医疗了 需要的人没老养 不需要的小人又养老又有薪酬 乖乖 气死我了,安徽,女,141,90,754,2025-07-16 10:00:03+08:00,1岁工作22岁退休喜提69万退休金,中性,1.0
离谱到家了,安徽,女,344,60,864,2025-07-16 09:59:11+08:00,1岁工作22岁退休喜提69万退休金,中性,0.5899999737739563
建议翻三倍赔偿,北京,女,193,188,2460,2025-07-16 09:58:55+08:00,1岁工作22岁退休喜提69万退休金,中性,0.44999998807907104
偷盗将几辈子贫穷报啊,上海,女,17,414,504,2025-07-16 09:58:44+08:00,1岁工作22岁退休喜提69万退休金,积极,0.5099999904632568
冰山一角，当你发现一只蟑螂的时候……,湖北,男,251,342,524,2025-07-16 09:57:30+08:00,1岁工作22岁退休喜提69万退休金,积极,0.9900000095367432
回复@野生歌王:我们只能看到别人想让我们看到的东西,广东,男,290,246,375,2025-07-16 09:57:17+08:00,1岁工作22岁退休喜提69万退休金,积极,1.0
所以才养老金不够的,海南,女,74,155,383,2025-07-16 09:55:23+08:00,1岁工作22岁退休喜提69万退休金,中性,0.6100000143051147
敢不敢把所有信息爆出来,北京,女,10,73,26,2025-07-16 09:55:13+08:00,1岁工作22岁退休喜提69万退休金,积极,0.9900000095367432
与米国民众手牵手共唱“同一个世界”,四川,男,486,775,3,2025-07-16 09:54:30+08:00,1岁工作22岁退休喜提69万退休金,积极,0.9700000286102295
这事不仅仅只是退款就了事吧，应该以贪污定罪入刑,广东,男,131,548,130,2025-07-16 09:54:15+08:00,1岁工作22岁退休喜提69万退休金,中性,0.9900000095367432
这个6啊  上辈子的也算上了  上辈子投的是人吗,江苏,女,112,276,102,2025-07-16 09:53:52+08:00,1岁工作22岁退休喜提69万退休金,中性,0.6499999761581421
这种是怎么层层，一层一层都顺利过的,河北,女,393,1045,1343,2025-07-16 09:53:48+08:00,1岁工作22岁退休喜提69万退休金,积极,0.4699999988079071
冰山一角,河北,男,10,431,6061,2025-07-16 09:53:41+08:00,1岁工作22岁退休喜提69万退休金,中性,0.4699999988079071
普通人说好15年，一下给你整20年,安徽,女,162,1493,1172,2025-07-16 09:53:38+08:00,1岁工作22岁退休喜提69万退休金,积极,0.9800000190734863
转发微博,安徽,女,4,68,236,2025-07-16 09:53:19+08:00,1岁工作22岁退休喜提69万退休金,中性,0.36000001430511475
社保还交吗,江苏,男,234,424,46,2025-07-16 09:53:12+08:00,1岁工作22岁退休喜提69万退休金,中性,0.4399999976158142
就这样玩  还想让我交社保？,河北,女,200,277,935,2025-07-16 09:53:05+08:00,1岁工作22岁退休喜提69万退休金,中性,0.4300000071525574
谁能来说说怎么操作的？,江苏,男,66,185,107,2025-07-16 09:53:02+08:00,1岁工作22岁退休喜提69万退休金,中性,0.3700000047683716
我滴个天！这真的是旱的旱死涝的涝死,山东,女,1029,121,16828,2025-07-16 09:52:52+08:00,1岁工作22岁退休喜提69万退休金,中性,0.6700000166893005
奈何取之尽锱铢，用之如泥沙,广东,男,876,467,1814,2025-07-16 09:52:49+08:00,1岁工作22岁退休喜提69万退休金,中性,0.8100000023841858
普通人勤勤恳恳都赚不到这么多 这些人随随便便就能拿到这么多 不要太离谱,广东,男,96,1801,124,2025-07-16 09:52:39+08:00,1岁工作22岁退休喜提69万退休金,中性,1.0
之前还嘲笑美国那边 现在轮到我们的社保了 自己缴费的最清楚 每年都在涨 但是不知道为什么涨 二月份还要我们补交2000块 也不明白为什么要交2000块#1岁工作22岁退休# #社保#,广东,女,527,529,24814,2025-07-16 09:52:32+08:00,1岁工作22岁退休喜提69万退休金,积极,1.0
转发微博,广东,男,780,3210,10854,2025-07-16 09:52:32+08:00,1岁工作22岁退休喜提69万退休金,中性,0.36000001430511475
历史重演,江西,男,245,464,79,2025-07-16 09:52:26+08:00,1岁工作22岁退休喜提69万退休金,积极,0.4300000071525574
退钱，坐牢,广东,女,483,206,15,2025-07-16 09:52:23+08:00,1岁工作22岁退休喜提69万退休金,中性,0.5299999713897705
水还是太浑了,海外,女,304,340,519,2025-07-16 09:52:03+08:00,1岁工作22岁退休喜提69万退休金,中性,0.9100000262260437
都是我们交的钱,安徽,男,126,549,707,2025-07-16 09:52:04+08:00,1岁工作22岁退休喜提69万退休金,中性,0.6000000238418579
@中国新闻网 发一下全名和工作单位。,北京,女,60,250,1390,2025-07-16 09:52:01+08:00,1岁工作22岁退休喜提69万退休金,中性,0.550000011920929
天选之子出现了，22岁22年工作经验,浙江,男,90,197,133,2025-07-16 09:51:46+08:00,1岁工作22岁退休喜提69万退休金,积极,0.8799999952316284
想问下 都这么多天了怎么才上热搜，能不能以后把这些冒领的人的名单基本信息都放上来。,内蒙古,女,410,87,2341,2025-07-16 09:51:21+08:00,1岁工作22岁退休喜提69万退休金,中性,1.0
不能带名，网友会深挖，怕,浙江,男,2325,272,662,2025-07-16 09:51:18+08:00,1岁工作22岁退休喜提69万退休金,积极,0.7300000190734863
所以说现在年轻人不愿意每月缴纳社保啊,广东,男,153,220,59,2025-07-16 09:50:54+08:00,1岁工作22岁退休喜提69万退休金,中性,0.6000000238418579
支持开盲盒正想输出,广东,女,175,149,2792,2025-07-16 09:50:50+08:00,1岁工作22岁退休喜提69万退休金,积极,0.9599999785423279
这不能只审计出来就完事了吧，是不是要追责，追回，判刑？,河北,女,8,34,737,2025-07-16 09:50:49+08:00,1岁工作22岁退休喜提69万退休金,中性,1.0
转发微博,北京,女,18,879,23439,2025-07-16 09:50:39+08:00,1岁工作22岁退休喜提69万退休金,中性,0.36000001430511475
蛀虫寄生虫,河南,男,716,609,999,2025-07-16 09:50:31+08:00,1岁工作22岁退休喜提69万退休金,中性,0.41999998688697815
社保不敢交了之前1100一个月 现在1700一个月亚历山大原来都被1岁小孩拿走了,海外,男,447,1039,6104,2025-07-16 09:50:30+08:00,1岁工作22岁退休喜提69万退休金,积极,1.0
转发微博,广东,男,143,56,4830,2025-07-16 09:50:24+08:00,1岁工作22岁退休喜提69万退休金,中性,0.36000001430511475
有个新疆的朋友，不用去上班每个月拿一万多的工资。只需要偶尔去开一下会就好了，她自己在做小生意，挂名在她老公单位,广东,女,312,762,1697,2025-07-16 09:50:12+08:00,1岁工作22岁退休喜提69万退休金,积极,1.0
呵呵,湖北,女,0,358,3221,2025-07-16 09:50:10+08:00,1岁工作22岁退休喜提69万退休金,中性,0.3499999940395355
不能提,海外,男,953,1199,4422,2025-07-16 09:50:10+08:00,1岁工作22岁退休喜提69万退休金,中性,0.41999998688697815
ta都有养老金了 还在工作 好上进啊😹,天津,男,105,350,2530,2025-07-16 09:50:01+08:00,1岁工作22岁退休喜提69万退休金,中性,0.7799999713897705
原来这就是有权人的人生,上海,女,24,74,141,2025-07-16 09:49:58+08:00,1岁工作22岁退休喜提69万退休金,中性,0.4300000071525574
回复@陈大刚的刚是刚柔并济的刚:不要学会计，学会计的现在好难就业,浙江,女,83,87,28,2025-07-16 09:49:57+08:00,1岁工作22岁退休喜提69万退休金,积极,1.0
后续呢,河南,女,275,392,1297,2025-07-16 09:49:52+08:00,1岁工作22岁退休喜提69万退休金,中性,0.49000000953674316
驴得水,广东,女,67,57,406,2025-07-16 09:49:00+08:00,1岁工作22岁退休喜提69万退休金,中性,0.44999998807907104
TNN个腿！查出来逮一个杀一个，看谁还敢！,辽宁,女,81,517,3317,2025-07-16 09:48:56+08:00,1岁工作22岁退休喜提69万退休金,积极,0.9200000166893005
好幸福啊，22岁就能退休了,江苏,女,214,1543,1044,2025-07-16 09:48:51+08:00,1岁工作22岁退休喜提69万退休金,积极,1.0
关我屁事，反正我就算死了也不会把钱给我,广东,男,27,89,30,2025-07-16 09:48:50+08:00,1岁工作22岁退休喜提69万退休金,中性,0.9900000095367432
蛀虫，杀无赦！,山东,女,43,544,2819,2025-07-16 09:48:49+08:00,1岁工作22岁退休喜提69万退休金,中性,0.550000011920929
这个才是真正的有辱国格了。,四川,男,1033,426,3250,2025-07-16 09:48:45+08:00,1岁工作22岁退休喜提69万退休金,积极,0.5299999713897705
什么年代了，为什么还会有这样的事发生呀,浙江,女,17,305,108,2025-07-16 09:48:45+08:00,1岁工作22岁退休喜提69万退休金,消极,0.7400000095367432
先缩编减人增效吧,重庆,女,50,80,21,2025-07-16 09:48:04+08:00,1岁工作22岁退休喜提69万退休金,中性,0.5899999737739563
感觉有点不可思议，退休后不是每年要审那个证吗,四川,女,144,166,7282,2025-07-16 09:48:02+08:00,1岁工作22岁退休喜提69万退休金,中性,1.0
蛀虫，顶上去，全部端,广东,男,60,393,104,2025-07-16 09:47:59+08:00,1岁工作22岁退休喜提69万退休金,中性,0.5899999737739563
2025年了还能允许这样？？？,北京,女,401,842,279,2025-07-16 09:47:52+08:00,1岁工作22岁退休喜提69万退休金,积极,0.8100000023841858
哇哦,上海,女,210,226,6653,2025-07-16 09:47:44+08:00,1岁工作22岁退休喜提69万退休金,积极,0.44999998807907104
所以呢，有死了还拿的，有拿多份的，有年龄对的上但完全没工作过就拿的，有从出生开始就造假的，这个钱是个无底的窟窿，再多都不够,四川,女,45,60,110,2025-07-16 09:47:26+08:00,1岁工作22岁退休喜提69万退休金,消极,1.0
这不得放大名贴照片，性质太恶劣了,福建,女,365,788,26908,2025-07-16 09:47:22+08:00,1岁工作22岁退休喜提69万退休金,中性,0.9700000286102295
@央视新闻,江苏,女,38,16,499,2025-07-16 09:47:17+08:00,1岁工作22岁退休喜提69万退休金,中性,0.3799999952316284
丧心病狂,安徽,男,107,89,3,2025-07-16 09:47:13+08:00,1岁工作22岁退休喜提69万退休金,中性,0.6200000047683716
这些钱能不能吐回来？？,四川,女,140,229,989,2025-07-16 09:47:07+08:00,1岁工作22岁退休喜提69万退休金,消极,0.550000011920929
还有什么是真的！！！感觉偷了我的钱,福建,女,32,175,62,2025-07-16 09:47:04+08:00,1岁工作22岁退休喜提69万退休金,中性,0.49000000953674316
要求带大名，返还领取的养老金，还有现在的工作单位辞退他,河南,女,6,56,8,2025-07-16 09:46:59+08:00,1岁工作22岁退休喜提69万退休金,积极,1.0
@周周周一呐,湖南,男,63,360,112,2025-07-16 09:46:52+08:00,1岁工作22岁退休喜提69万退休金,积极,0.5799999833106995
前两天还笑隔壁老米，回旋镖这么快就抽回来了，真就太阳底下无新鲜事,安徽,女,54,24,7,2025-07-16 09:46:41+08:00,1岁工作22岁退休喜提69万退休金,积极,1.0
这新闻能上热搜？,山东,男,52,91,9,2025-07-16 09:46:38+08:00,1岁工作22岁退休喜提69万退休金,中性,0.33000001311302185
这个要判刑吧,北京,女,398,672,9897,2025-07-16 09:46:26+08:00,1岁工作22岁退休喜提69万退休金,中性,0.3499999940395355
大早上看到这个被气晕,广东,男,46,137,269,2025-07-16 09:46:16+08:00,1岁工作22岁退休喜提69万退休金,中性,0.800000011920929
大早上要被气晕,广东,男,46,137,269,2025-07-16 09:45:48+08:00,1岁工作22岁退休喜提69万退休金,中性,0.7300000190734863
服了,海南,女,1192,71,1291,2025-07-16 09:45:35+08:00,1岁工作22岁退休喜提69万退休金,中性,0.49000000953674316
连着上辈子的钱一块赚是吧,北京,男,1144,2144,2121,2025-07-16 09:45:34+08:00,1岁工作22岁退休喜提69万退休金,中性,0.4699999988079071
应该查查他爸爸妈妈是谁？什么职务？爷爷奶奶姥姥姥爷什么职务？,河北,女,57,238,334,2025-07-16 09:45:33+08:00,1岁工作22岁退休喜提69万退休金,中性,0.44999998807907104
u pu p,山东,女,273,766,311,2025-07-16 09:45:30+08:00,1岁工作22岁退休喜提69万退休金,中性,0.3700000047683716
@ethy-eth,河南,女,60301,176,1124,2025-07-16 09:45:29+08:00,1岁工作22岁退休喜提69万退休金,中性,0.4399999976158142
转发微博,台湾,男,333,192,26173,2025-07-16 09:45:11+08:00,1岁工作22岁退休喜提69万退休金,中性,0.36000001430511475
转发微博,浙江,男,381,899,2076,2025-07-16 09:44:59+08:00,1岁工作22岁退休喜提69万退休金,中性,0.36000001430511475
追责吧,吉林,女,154,148,798,2025-07-16 09:44:55+08:00,1岁工作22岁退休喜提69万退休金,积极,0.46000000834465027
马斯克:我来辣,天津,男,5204,843,1309,2025-07-16 09:44:45+08:00,1岁工作22岁退休喜提69万退休金,中性,0.3499999940395355
满门抄斩吧,黑龙江,男,89,261,418,2025-07-16 09:44:44+08:00,1岁工作22岁退休喜提69万退休金,中性,0.47999998927116394
娱乐圈的瓜已经是最小的了 别的圈.....,黑龙江,女,971,544,353,2025-07-16 09:44:37+08:00,1岁工作22岁退休喜提69万退休金,积极,1.0
前方吃紧，后方紧吃。云飞兄诚不欺我,天津,男,166,315,1467,2025-07-16 09:44:29+08:00,1岁工作22岁退休喜提69万退休金,积极,1.0
真的没救了,广东,女,138,594,185,2025-07-16 09:44:19+08:00,1岁工作22岁退休喜提69万退休金,中性,0.5699999928474426
这时候怎么不报全名了？,四川,女,505,819,4173,2025-07-16 09:44:07+08:00,1岁工作22岁退休喜提69万退休金,中性,0.8500000238418579
真的假的？想起年初美国有几百岁老人还领退休金的，是不是一样道理？,广东,女,143,116,588,2025-07-16 09:44:07+08:00,1岁工作22岁退休喜提69万退休金,积极,1.0
@央视新闻,新疆,女,4315,569,302,2025-07-16 09:44:00+08:00,1岁工作22岁退休喜提69万退休金,中性,0.3799999952316284
比马斯克查出的300岁还离谱,广东,男,8,403,1759,2025-07-16 09:43:56+08:00,1岁工作22岁退休喜提69万退休金,积极,0.4399999976158142
这跟老美200岁还在领退休金一个道理,四川,男,71,122,220,2025-07-16 09:43:52+08:00,1岁工作22岁退休喜提69万退休金,积极,1.0
真是对这个世界刷新了三观,安徽,女,277,224,1489,2025-07-16 09:43:49+08:00,1岁工作22岁退休喜提69万退休金,积极,0.6800000071525574
所以今年凭啥基数还上涨这么多,浙江,女,92,502,23,2025-07-16 09:43:43+08:00,1岁工作22岁退休喜提69万退休金,中性,0.38999998569488525
难怪浙江的社保每年都在涨，今年又要开始了,浙江,女,67,110,74,2025-07-16 09:43:36+08:00,1岁工作22岁退休喜提69万退休金,积极,0.949999988079071
所以这就是为什么我们社保一直涨的原因呢吧,江西,女,149,83,1259,2025-07-16 09:43:34+08:00,1岁工作22岁退休喜提69万退休金,中性,0.23000000417232513
无语了,广东,女,293,228,69,2025-07-16 09:43:17+08:00,1岁工作22岁退休喜提69万退休金,中性,0.6499999761581421
查到一定程度就会有替罪羊出来了,江苏,男,53,254,40,2025-07-16 09:43:13+08:00,1岁工作22岁退休喜提69万退休金,中性,0.47999998927116394
这是纯技术能做到的吗,广东,女,220,51,1298,2025-07-16 09:43:12+08:00,1岁工作22岁退休喜提69万退休金,中性,0.28999999165534973
多么黑暗啊  那是我们80.90孩子的血汗钱啊,河南,男,393,114,1997,2025-07-16 09:43:04+08:00,1岁工作22岁退休喜提69万退休金,积极,1.0
这就是一直被压的事情之一,山东,女,27,313,50,2025-07-16 09:42:55+08:00,1岁工作22岁退休喜提69万退休金,中性,0.9700000286102295
有没有追回，追回了多少；谁干的，判了几年，这不得出份警情通报？,浙江,男,4,77,36,2025-07-16 09:42:46+08:00,1岁工作22岁退休喜提69万退休金,消极,0.8700000047683716
对啊，姓啥叫啥哪单位的，父母是啥单位的，男的女的，现在还领钱呢么？说明白啊！,河北,女,4,21,112,2025-07-16 09:42:30+08:00,1岁工作22岁退休喜提69万退休金,积极,1.0
这个严查应该查出来一串人吧,重庆,女,148,273,1779,2025-07-16 09:42:29+08:00,1岁工作22岁退休喜提69万退休金,中性,0.9399999976158142
卧槽！！！！可恶！！！！,江苏,女,163,79,437,2025-07-16 09:42:14+08:00,1岁工作22岁退休喜提69万退休金,积极,1.0
既然要这样何必多此一举 直接造几个不存在的人在那里 吃空响得了 何必生一个出来，胆大包天的玩意，这和上班从银行偷钱回来 有啥区别，一打开金库 都被蛀虫搬空了,西藏,男,257,1017,1503,2025-07-16 09:42:12+08:00,1岁工作22岁退休喜提69万退休金,积极,1.0
妈的个，真的没意思！,江苏,女,776,729,3356,2025-07-16 09:41:34+08:00,1岁工作22岁退休喜提69万退休金,中性,0.4399999976158142
这得严查吧,江西,女,96,128,289,2025-07-16 09:41:31+08:00,1岁工作22岁退休喜提69万退休金,中性,0.46000000834465027
太可怕了，反腐工作继续抓,北京,男,98,649,86,2025-07-16 09:40:47+08:00,1岁工作22岁退休喜提69万退休金,中性,0.8199999928474426
这个钱退的回来嘛,江苏,男,6,249,22,2025-07-16 09:40:42+08:00,1岁工作22岁退休喜提69万退休金,中性,0.5799999833106995
前几天嘲笑美国三百岁还在领退休金的人在哪里,浙江,男,62,588,741,2025-07-16 09:39:37+08:00,1岁工作22岁退休喜提69万退休金,积极,1.0
看来美国300岁的领退休金还是太保守了,云南,男,105,76,2,2025-07-16 09:39:26+08:00,1岁工作22岁退休喜提69万退休金,积极,1.0
吃相太TM难看了,湖南,男,252,1781,5589,2025-07-16 09:39:12+08:00,1岁工作22岁退休喜提69万退休金,中性,0.47999998927116394
造假都不带脑子了,山东,女,5,5,117,2025-07-16 09:39:06+08:00,1岁工作22岁退休喜提69万退休金,中性,0.9200000166893005
这不带名字么,广东,女,181,1008,6738,2025-07-16 09:39:00+08:00,1岁工作22岁退休喜提69万退休金,中性,0.4000000059604645
转发微博,上海,女,25,135,799,2025-07-16 09:38:50+08:00,1岁工作22岁退休喜提69万退休金,中性,0.36000001430511475
叫他们谁领的吐出来给我们,广东,女,72,294,52,2025-07-16 09:38:47+08:00,1岁工作22岁退休喜提69万退休金,积极,0.9399999976158142
这样吧，你的这个事儿啊，我们讲不是说，不是说不办，但是呢，没有说啊，没有任何一件事情我们说，说一定怎么怎么样，说不行吧他也不是，我们讲，事在人为啊，我们可以想办法，可以想办法啊，这个，你这样晚一点儿，晚一咱们到时候呢，对吧，我这个，对吧，这个，包括，诶呀我这个，到时候你看一看，对,广东,男,467,504,438,2025-07-16 09:38:40+08:00,1岁工作22岁退休喜提69万退休金,积极,1.0
我山西又要上大分了！！！,山西,男,41,170,682,2025-07-16 09:38:17+08:00,1岁工作22岁退休喜提69万退休金,中性,0.949999988079071
@Ye_C26 ？？？？,湖南,男,288,281,263,2025-07-16 09:38:16+08:00,1岁工作22岁退休喜提69万退休金,积极,0.800000011920929
妈的！,北京,女,342,390,3120,2025-07-16 09:38:12+08:00,1岁工作22岁退休喜提69万退休金,积极,0.41999998688697815
#1岁工作22岁退休#    来来来报上这个“天才”的姓名以及工作单位//@回锅肉为什么放大葱呢:拿女学生的事盖69万的热度，一直都是这么操作的，哪天有什么不利的消息出来，马上就安排别的来盖//@野生歌王:我看了一下澎湃上个月末就发了，这种新闻估计很多人都不知道，但是女学生的私事要大张旗鼓满世界宣 ...全文,内蒙古,女,32,217,8833,2025-07-16 09:37:26+08:00,1岁工作22岁退休喜提69万退休金,积极,1.0
强制缴纳社保就是这么来用的哈。,北京,男,656,278,8,2025-07-16 09:37:19+08:00,1岁工作22岁退休喜提69万退休金,中性,0.47999998927116394
每个地方都有那么一群蛀虫,浙江,女,199,484,13,2025-07-16 09:37:17+08:00,1岁工作22岁退休喜提69万退休金,积极,0.9200000166893005
终于知道为什么退休金不够了,四川,男,8,131,12,2025-07-16 09:37:13+08:00,1岁工作22岁退休喜提69万退休金,积极,0.8700000047683716
太多地方有这种黑暗的地方，能吃空你,浙江,男,857,307,6141,2025-07-16 09:37:10+08:00,1岁工作22岁退休喜提69万退休金,积极,0.6800000071525574
这对么,广西,女,0,33,176,2025-07-16 09:37:07+08:00,1岁工作22岁退休喜提69万退休金,中性,0.38999998569488525
一岁工作 22岁退休 这不是开国际玩笑吧,海外,男,813,405,2593,2025-07-16 09:36:59+08:00,1岁工作22岁退休喜提69万退休金,积极,1.0
400亿是什么天文数字我幻想中彩票都只敢幻想100万,广东,女,261,199,235,2025-07-16 09:36:52+08:00,1岁工作22岁退休喜提69万退休金,积极,1.0
转发微博,江苏,女,69,414,762,2025-07-16 09:36:49+08:00,1岁工作22岁退休喜提69万退休金,中性,0.36000001430511475
这帮老东西怎么不赶紧去死,辽宁,男,73,973,169,2025-07-16 09:36:31+08:00,1岁工作22岁退休喜提69万退休金,中性,0.9599999785423279
这种事情能查出来绝对不是个例~早就有很多人这么干了,云南,女,3,41,334,2025-07-16 09:36:27+08:00,1岁工作22岁退休喜提69万退休金,中性,0.9900000095367432
所以呀，提倡我们这些牛马们要想养老，就得交20年的养老保险，每个政策的背后都是为了弥补更大的窟窿,山东,女,196,32,367,2025-07-16 10:07:36+08:00,1岁工作22岁退休喜提69万退休金,中性,0.800000011920929
看得人尸体暖暖的…#1岁工作22岁退休喜提69万退休金#,广东,男,7,10,11,2025-07-16 10:06:54+08:00,1岁工作22岁退休喜提69万退休金,积极,1.0
天天搁这儿喊亏空没钱，这样能有钱吗？逮着普通老板姓使劲割韭菜，这些人不公开进局子吗,湖北,女,6,76,492,2025-07-16 10:06:22+08:00,1岁工作22岁退休喜提69万退休金,中性,1.0
放屁,广东,男,33,208,85,2025-07-16 08:03:59+08:00,开空调最好别低于这个温度,中性,0.33000001311302185
看你所在的环境人群密度和空间大小……有的地方26度都冷，有的地方你开17度依然热（比如 人太多）,重庆,女,1860,734,30484,2025-07-16 09:30:06+08:00,开空调最好别低于这个温度,积极,1.0
26度直接室外吹去吧，别开空调了,甘肃,女,203,795,1006,2025-07-16 09:35:11+08:00,开空调最好别低于这个温度,中性,0.5199999809265137
我爱点多少度就点多少度,辽宁,男,319,233,590,2025-07-16 09:36:55+08:00,开空调最好别低于这个温度,中性,0.8500000238418579
#开空调最好别低于这个温度#  如何预防空调病？医生建议： ①不要在开空调的房间里待很长时间，要经常打开门窗，通风换气； ②合理调整室内温度，一般不低于26℃； ③冷风不能直接吹颈椎、后背、膝关节等部位； ④大汗淋漓时不要直接吹冷风。#中医解释什么是空调病#,河南,女,4157,1260,6909,2025-07-16 09:40:43+08:00,开空调最好别低于这个温度,积极,1.0
这个医院说的，我不听,北京,男,37096,2004,15413,2025-07-16 10:04:56+08:00,开空调最好别低于这个温度,中性,0.8199999928474426
27度都冷,四川,男,11542,317,1949,2025-07-16 09:59:45+08:00,开空调最好别低于这个温度,中性,0.550000011920929
一个中国的医院能叫“中日友好”本身就够抽象了信这样出来放屁的专家就更抽象了,广东,男,29,49,26,2025-07-16 09:48:19+08:00,开空调最好别低于这个温度,积极,1.0
28度，翻来覆去不用盖肚子,广东,男,337,224,1989,2025-07-16 10:03:31+08:00,开空调最好别低于这个温度,积极,0.5199999809265137
#开空调最好别低于这个温度#,北京,男,10958846,326,62887,2025-07-16 09:53:55+08:00,开空调最好别低于这个温度,积极,0.7200000286102295
其实26度热的要鼠哈,四川,男,1319,796,1442,2025-07-16 09:48:46+08:00,开空调最好别低于这个温度,积极,0.6200000047683716
猫不错,湖北,男,377,490,23,2025-07-16 00:23:23+08:00,开空调最好别低于这个温度,中性,0.44999998807907104
果然 我已经吹感冒了,河南,男,107,432,3625,2025-07-15 22:48:53+08:00,开空调最好别低于这个温度,中性,0.9599999785423279
//@一巴掌打四个人的美艳大小姐:中日友好医院就别出来露脸了……是不是觉得这医院的招牌还没被砸碎啊,福建,男,172955,4601,17739,2025-07-16 09:40:01+08:00,开空调最好别低于这个温度,积极,1.0
太热了，没办法,陕西,女,9,129,2359,2025-07-16 08:36:29+08:00,开空调最好别低于这个温度,中性,0.9599999785423279
早安,重庆,女,42,79,211,2025-07-16 07:23:01+08:00,开空调最好别低于这个温度,中性,0.5
【#开空调最好别低于这个温度#】 人们长期在空调冷风环境下工作和生活，出现头晕、头痛、食欲不振、发热咳嗽、关节酸痛等，都是“空调病”的临床表现，老年人、婴幼儿、孕妇，以及慢病人群更应注意。,四川,女,58514,333,11872,2025-07-16 10:10:12+08:00,开空调最好别低于这个温度,积极,1.0
我一直18度,广东,男,622,296,2049,2025-07-16 10:07:05+08:00,开空调最好别低于这个温度,中性,0.6299999952316284
我开29度,广东,女,227,304,9653,2025-07-16 10:05:47+08:00,开空调最好别低于这个温度,中性,0.47999998927116394
转发微博,上海,男,1028,2988,12998,2025-07-16 10:01:02+08:00,开空调最好别低于这个温度,中性,0.36000001430511475
你医锤子 有本事把你父母医活,四川,男,136,495,1824,2025-07-16 09:56:43+08:00,开空调最好别低于这个温度,积极,0.9900000095367432
#中医解释什么是空调病# #开空调最好别低于这个温度# 涨知识,浙江,男,20384,657,2696,2025-07-16 09:55:47+08:00,开空调最好别低于这个温度,中性,0.8600000143051147
首先，你得看你家空调买了几年了，其次你得看你在多大的屋子待着，有多少人在这间屋子……,北京,女,183,299,4188,2025-07-16 09:53:50+08:00,开空调最好别低于这个温度,积极,1.0
转发微博,北京,女,18,879,23439,2025-07-16 09:50:58+08:00,开空调最好别低于这个温度,中性,0.36000001430511475
苏叶 是指 紫苏叶吗,江苏,女,934,2424,24299,2025-07-16 08:32:08+08:00,开空调最好别低于这个温度,中性,0.3499999940395355
晚安,广东,女,111,531,9860,2025-07-15 22:23:22+08:00,开空调最好别低于这个温度,中性,0.46000000834465027
@Li-X瓜,海外,女,1792,78,871,2025-07-16 10:13:40+08:00,开空调最好别低于这个温度,中性,0.3499999940395355
不低于26度？深圳不开抽湿（19度）能活是吗？专家死开,广东,女,5256,2257,11503,2025-07-16 10:11:18+08:00,开空调最好别低于这个温度,积极,1.0
夏天还是要多多注意,浙江,女,20377,291,1043,2025-07-16 10:07:31+08:00,开空调最好别低于这个温度,中性,0.6399999856948853
26度空调出臭味怎么说,北京,女,5878270,1462,11587,2025-07-16 10:07:27+08:00,开空调最好别低于这个温度,中性,0.7599999904632568
在我家26度跟没开一样 别放屁了,上海,女,2197,113,877,2025-07-16 10:02:28+08:00,开空调最好别低于这个温度,积极,0.6299999952316284
昨晚开26度，直接热醒了,海南,女,104,165,2737,2025-07-16 10:01:53+08:00,开空调最好别低于这个温度,中性,0.9200000166893005
那些说26度热的，要么空调设置的不对，要么空调制冷有问题,安徽,女,1,70,25,2025-07-16 09:31:29+08:00,开空调最好别低于这个温度,中性,0.5899999737739563
26度我都嫌冷 可能真的老了,上海,女,54,5,3985,2025-07-16 09:29:06+08:00,开空调最好别低于这个温度,中性,0.8100000023841858
你得看空调啊！我家空调开27度都觉得冷 我妈家空调开25度我都能出汗,浙江,男,772,362,194,2025-07-16 10:12:34+08:00,开空调最好别低于这个温度,积极,1.0
26度也很冷 我都开28,北京,女,11,82,344,2025-07-16 09:50:21+08:00,开空调最好别低于这个温度,中性,0.550000011920929
天天晚上25度到天亮,广东,男,340,227,496,2025-07-16 09:48:35+08:00,开空调最好别低于这个温度,中性,0.6800000071525574
别建议了，先去生活吧。外边四十多度，空调开到20°，屋里都不凉。说啥屁话呢,河南,女,359,626,1807,2025-07-16 09:35:30+08:00,开空调最好别低于这个温度,积极,1.0
老子爱开几度开几度,江苏,女,253,959,393,2025-07-16 09:32:00+08:00,开空调最好别低于这个温度,积极,0.7799999713897705
滚,海外,男,390,515,4231,2025-07-16 10:14:52+08:00,开空调最好别低于这个温度,中性,0.3499999940395355
这个b医院是出来讨骂的吗？,重庆,男,83,373,702,2025-07-16 10:14:19+08:00,开空调最好别低于这个温度,中性,0.8899999856948853
晚上睡觉 28度,福建,女,16,48,9,2025-07-16 10:13:14+08:00,开空调最好别低于这个温度,中性,0.7599999904632568
“②合理调整室内温度，一般不低于26℃；”这条放我们这里属于是夏天吹热风了哈,云南,女,37,211,1666,2025-07-16 10:13:09+08:00,开空调最好别低于这个温度,积极,1.0
夏天了空调专家又出来了,山东,男,160,515,1552,2025-07-16 10:13:04+08:00,开空调最好别低于这个温度,中性,0.9900000095367432
重庆晚上房子墙都是热的，26度都降不下来温，这些专家能不能闭嘴,重庆,女,1022,782,21626,2025-07-16 10:12:51+08:00,开空调最好别低于这个温度,中性,1.0
转发微博,北京,女,477,1936,5884,2025-07-16 10:12:25+08:00,开空调最好别低于这个温度,中性,0.36000001430511475
每个人不一样，有的人开20度盖棉被睡，有的人开28度不盖被子睡，都很凉快,江苏,男,27,291,205,2025-07-16 10:10:53+08:00,开空调最好别低于这个温度,积极,1.0
拉倒吧，我家空调开26冻死人要开到27，公司空调开到26一点感觉都没有，还开个风扇热死了,广东,女,249,168,954,2025-07-16 10:10:38+08:00,开空调最好别低于这个温度,中性,1.0
外面的温度最好别低于这个温度！ 新闻真的莫名其妙。低于这个温度是不能活啊。,广东,男,8448,82,121,2025-07-16 10:09:49+08:00,开空调最好别低于这个温度,积极,1.0
放屁,浙江,女,348,873,981,2025-07-16 10:09:14+08:00,开空调最好别低于这个温度,中性,0.33000001311302185
Qnmd,河南,男,933,433,1095,2025-07-16 10:09:08+08:00,开空调最好别低于这个温度,中性,0.3499999940395355
晚上开24冷，开25，6就有一股子酸味,北京,女,4243,741,150,2025-07-16 10:09:03+08:00,开空调最好别低于这个温度,积极,1.0
看了下评论区大家看法不一，作为最近想买空调的东北人之一，也有浏览大量选购帖子，发现大家已经安装过空调的家庭，夏天空调的制冷效果不一。,吉林,女,429,870,1377,2025-07-16 10:08:36+08:00,开空调最好别低于这个温度,积极,1.0
是不是放个屁都要上微博热搜,辽宁,男,802,1712,11884,2025-07-16 10:07:42+08:00,开空调最好别低于这个温度,中性,0.7400000095367432
医生，你先把空调关了再说,安徽,男,30,23,72,2025-07-16 10:07:41+08:00,开空调最好别低于这个温度,中性,0.699999988079071
其实我一般开29度,江苏,女,4407,1259,4198,2025-07-16 10:07:37+08:00,开空调最好别低于这个温度,积极,0.5699999928474426
@打工人缺觉魂,北京,女,606,329,3990,2025-07-16 10:07:31+08:00,开空调最好别低于这个温度,中性,0.7900000214576721
26度还开个屁空调,广东,男,27,49,4,2025-07-16 10:06:50+08:00,开空调最好别低于这个温度,中性,0.6600000262260437
收到，谢谢主子,四川,女,2,8,1,2025-07-16 10:06:05+08:00,开空调最好别低于这个温度,中性,0.36000001430511475
转发微博,浙江,男,315,484,3941,2025-07-16 10:05:53+08:00,开空调最好别低于这个温度,中性,0.36000001430511475
@宥宥爸爸s,辽宁,女,645,601,6798,2025-07-16 10:05:28+08:00,开空调最好别低于这个温度,中性,0.36000001430511475
开26度不得中暑？,广东,男,6,253,59,2025-07-16 10:05:09+08:00,开空调最好别低于这个温度,中性,0.38999998569488525
办公室基本全女生，一到冬夏两季就会开启空调大战，怕热的开16度18度，怕冷的椅背上放着不同厚度的外套，穿上外套之后忍一段时间，就去把空调温度调高或者直接关，然后怕热的再去开。。空调在门口墙上，按的时候声音挺大，大家都能听到，每天都如此循环,北京,女,251,296,3209,2025-07-16 10:05:07+08:00,开空调最好别低于这个温度,积极,1.0
写这报道的编辑是不是nc？,江苏,男,875,427,1690,2025-07-16 10:05:05+08:00,开空调最好别低于这个温度,中性,0.7099999785423279
中日友好不了一点,四川,女,3,19,80,2025-07-16 10:04:59+08:00,开空调最好别低于这个温度,中性,0.5099999904632568
那为什么要设计低于这个温度，是不是可以起诉厂商？,广东,男,102,102,37,2025-07-16 10:03:49+08:00,开空调最好别低于这个温度,积极,0.5799999833106995
户外40度你给我说开26度以上,四川,男,114,308,345,2025-07-16 10:03:43+08:00,开空调最好别低于这个温度,积极,1.0
26我还开尼玛的空调啊,四川,男,68,110,9,2025-07-16 10:03:24+08:00,开空调最好别低于这个温度,中性,0.7400000095367432
空调26°就合适，接的高铁的活吗,北京,男,24,135,117,2025-07-16 10:03:20+08:00,开空调最好别低于这个温度,中性,0.8199999928474426
我怎么感觉好像刷到过这个呢。而且也是通过同样的热搜。,海外,女,337,560,7389,2025-07-16 10:02:57+08:00,开空调最好别低于这个温度,中性,1.0
我上班干活时候能把空调开成16，歇下来后调22（穿长衣长裤）,辽宁,女,8,319,280,2025-07-16 10:02:39+08:00,开空调最好别低于这个温度,中性,0.9900000095367432
谁理你们,江西,女,202,1088,1918,2025-07-16 10:02:37+08:00,开空调最好别低于这个温度,积极,0.5699999928474426
别放屁 我自己空调 我想咋吹咋吹 我舒服就完了呗,辽宁,男,110,408,155,2025-07-16 10:02:01+08:00,开空调最好别低于这个温度,中性,0.8399999737739563
想开多少开多少，别听它放屁,河北,男,71,68,9,2025-07-16 10:00:38+08:00,开空调最好别低于这个温度,积极,0.9800000190734863
好搞笑，之前 26 度空调把我吹感冒了，喉咙难受身体虚弱，吹 25 以下就没事,香港,女,3,4,17,2025-07-16 10:00:27+08:00,开空调最好别低于这个温度,积极,1.0
放屁！我试了，热死！,北京,女,823,234,3159,2025-07-16 10:00:26+08:00,开空调最好别低于这个温度,中性,0.5600000023841858
28度都有点冷,河南,男,288,43,482,2025-07-16 10:00:26+08:00,开空调最好别低于这个温度,中性,0.41999998688697815
吹风扇是不是更好？,河北,男,36,362,2752,2025-07-16 10:00:06+08:00,开空调最好别低于这个温度,中性,0.46000000834465027
这医院就好比抗日时期的大东亚共荣圈,广西,男,30,56,147,2025-07-16 10:00:01+08:00,开空调最好别低于这个温度,中性,0.8600000143051147
我也是中医，我就要开22度，我就要开16度,四川,男,143,399,900,2025-07-16 09:59:57+08:00,开空调最好别低于这个温度,消极,0.949999988079071
28都冷,广东,男,64,563,1030,2025-07-16 09:59:21+08:00,开空调最好别低于这个温度,中性,0.47999998927116394
还这个温度，直接写26度能亖吗,北京,女,1275,614,9541,2025-07-16 09:58:53+08:00,开空调最好别低于这个温度,中性,0.8899999856948853
睡前29°之后30°主要没有32°,江苏,女,67,71,107,2025-07-16 09:58:46+08:00,开空调最好别低于这个温度,积极,0.9599999785423279
我一般开26度,陕西,女,282,1166,369,2025-07-16 09:56:53+08:00,开空调最好别低于这个温度,中性,0.41999998688697815
开28,北京,男,100,153,57,2025-07-16 09:56:24+08:00,开空调最好别低于这个温度,积极,0.46000000834465027
20,广东,女,1067,1317,2257,2025-07-16 09:55:55+08:00,开空调最好别低于这个温度,中性,0.3199999928474426
@应获德芙的雾里学家 破案了 你是空调病,海外,女,716,478,3910,2025-07-16 09:54:50+08:00,开空调最好别低于这个温度,积极,0.7799999713897705
我开26度有时候还觉得稍微有点凉呢，没办法寒凉体质，就怕冷,海外,女,444,232,4697,2025-07-16 09:54:29+08:00,开空调最好别低于这个温度,消极,0.9800000190734863
1,上海,男,320,1618,1036,2025-07-16 09:54:17+08:00,开空调最好别低于这个温度,中性,0.36000001430511475
阴凉的地方还行，我们办公室一面都是晒着只能开18度，然后室内30度。,四川,男,1033,426,3250,2025-07-16 09:53:56+08:00,开空调最好别低于这个温度,积极,1.0
干你屁事 我就爱开20度,上海,男,277,33,0,2025-07-16 09:53:38+08:00,开空调最好别低于这个温度,积极,0.8999999761581421
26度和不开有啥区别呢？,辽宁,男,491,252,163,2025-07-16 09:52:57+08:00,开空调最好别低于这个温度,积极,0.8899999856948853
dsb,北京,男,1,31,1,2025-07-16 09:52:44+08:00,开空调最好别低于这个温度,中性,0.3700000047683716
每个人的体质不同，各地湿度也不一样 ，单纯一刀切压根就不科学，按自己情况不过度贪凉即可，我家一般室温控制在23度，我感觉很舒适,湖北,女,145,390,1911,2025-07-16 09:52:39+08:00,开空调最好别低于这个温度,积极,1.0
回复@一巴掌打四个人的美艳大小姐:是医术还是医德不行吗？比湖南湘雅强吧。,四川,男,1033,426,3250,2025-07-16 09:52:39+08:00,开空调最好别低于这个温度,积极,1.0
我的20度算什么,黑龙江,女,89,586,37,2025-07-16 09:52:35+08:00,开空调最好别低于这个温度,中性,0.3799999952316284
中日友好医院是什么东西,广东,男,184,354,244,2025-07-16 09:52:28+08:00,开空调最好别低于这个温度,中性,0.49000000953674316
中日不可能友好。,山东,男,183,180,168,2025-07-16 09:52:28+08:00,开空调最好别低于这个温度,中性,0.5699999928474426
@十十开心-,湖北,男,272,131,195,2025-07-16 09:50:59+08:00,开空调最好别低于这个温度,中性,0.5799999833106995
我的房间没有树的遮挡  室内温度高达32度  开22度空调  依然有28度  开26是要把我热死吧,四川,女,49,354,31,2025-07-16 09:50:56+08:00,开空调最好别低于这个温度,消极,0.9900000095367432
昨天21度睡的,陕西,男,40586,153,931,2025-07-16 09:49:35+08:00,开空调最好别低于这个温度,中性,0.6800000071525574
这个这个这个，你就不能打出来？非骗人进来,山东,男,257,628,1184,2025-07-16 09:49:30+08:00,开空调最好别低于这个温度,中性,0.699999988079071
@四季和远方_,黑龙江,女,887,276,1920,2025-07-16 09:49:23+08:00,开空调最好别低于这个温度,积极,0.5899999737739563
这两天郑州室外温度都在40℃以上，在室内开26℃跟没开差不多。医生的话不能不信，也不能全信，还是开24℃最舒服。,河南,男,59,165,10,2025-07-16 09:48:28+08:00,开空调最好别低于这个温度,积极,1.0
还不低于26度，就重庆这40度天气，开26度相当于没开,重庆,男,1640,372,2170,2025-07-16 09:48:14+08:00,开空调最好别低于这个温度,中性,1.0
。。。。。。。,内蒙古,男,260,161,0,2025-07-16 09:46:17+08:00,开空调最好别低于这个温度,中性,1.0
不低于哪个温度？,江苏,男,172,187,806,2025-07-16 09:46:08+08:00,开空调最好别低于这个温度,中性,0.7799999713897705
一直24℃,辽宁,女,200,106,689,2025-07-16 09:44:36+08:00,开空调最好别低于这个温度,中性,0.4099999964237213
废话真多,陕西,女,166,189,812,2025-07-16 09:44:36+08:00,开空调最好别低于这个温度,中性,0.4399999976158142
这个医院就算了,天津,男,155,3442,7706,2025-07-16 09:43:42+08:00,开空调最好别低于这个温度,中性,0.800000011920929
最近咳嗽，喉咙痛也是这个原因引起的吗？,山西,女,5,576,953,2025-07-16 09:43:04+08:00,开空调最好别低于这个温度,中性,0.949999988079071
你想让我们省电直说,福建,男,6,42,98,2025-07-16 09:41:58+08:00,开空调最好别低于这个温度,积极,0.8700000047683716
西安都43了你让我不低于26？,上海,女,72,131,790,2025-07-16 09:41:36+08:00,开空调最好别低于这个温度,中性,0.8299999833106995
标题不能直接说不能低于26吗，非要玩点击率？,江苏,女,586,205,10491,2025-07-16 09:40:53+08:00,开空调最好别低于这个温度,中性,0.8700000047683716
@x·小路,北京,女,144,350,72,2025-07-16 09:40:44+08:00,开空调最好别低于这个温度,中性,0.41999998688697815
26度空调会臭,北京,女,72,139,266,2025-07-16 09:40:42+08:00,开空调最好别低于这个温度,中性,0.5199999809265137
恰恰相反，我就是26度以下，每天先22度，屋里温度降下来了就固定25度。单位里20度……,四川,女,99,274,2930,2025-07-16 09:40:36+08:00,开空调最好别低于这个温度,积极,1.0
这个号快养成了啊，厉害,浙江,男,35,619,5,2025-07-16 09:38:31+08:00,开空调最好别低于这个温度,中性,0.8399999737739563
中国人用点能源怎么了？,上海,男,126,76,108,2025-07-16 09:38:15+08:00,开空调最好别低于这个温度,中性,0.6700000166893005
那就不要设置这个温度,山东,女,843,251,15445,2025-07-16 09:35:48+08:00,开空调最好别低于这个温度,中性,0.699999988079071
中日友好医院，你就不要出来找存在感了吧,重庆,女,629,480,6075,2025-07-16 09:34:03+08:00,开空调最好别低于这个温度,积极,0.5199999809265137
开22体感28，外面四十度,陕西,女,171,246,308,2025-07-16 09:32:22+08:00,开空调最好别低于这个温度,积极,0.8799999952316284
27度就觉得冷,甘肃,女,112,141,316,2025-07-16 09:30:31+08:00,开空调最好别低于这个温度,中性,0.6600000262260437
放屁,陕西,男,367,1127,1520,2025-07-16 09:28:20+08:00,开空调最好别低于这个温度,中性,0.33000001311302185
he tui~,北京,女,47,750,482,2025-07-16 09:27:56+08:00,开空调最好别低于这个温度,中性,0.3400000035762787
空调20度跟没开一样，每天都是20度加开风扇，才有一些凉意，不然没法睡，热到流汗那种,河南,男,137,298,28,2025-07-16 09:24:50+08:00,开空调最好别低于这个温度,积极,1.0
我26还感到热啊,海外,男,187,191,41,2025-07-16 09:23:05+08:00,开空调最好别低于这个温度,中性,0.8399999737739563
我要空调来干嘛？摆设吗？,广东,男,308,152,97,2025-07-16 09:20:27+08:00,开空调最好别低于这个温度,中性,0.8799999952316284
要看室内温度好吧 营销号真是无脑,辽宁,女,239,122,1058,2025-07-16 09:14:57+08:00,开空调最好别低于这个温度,积极,0.9900000095367432
你热搜不会直接写26？,浙江,女,5,29,44,2025-07-16 09:15:59+08:00,开空调最好别低于这个温度,积极,0.7699999809265137
别说，真的容易感冒，我发现开26度及以上后，开个小风扇，不对着头吹，这样也很凉快，而且好像有点通风的效果！,陕西,男,21,34,257,2025-07-16 09:03:32+08:00,开空调最好别低于这个温度,积极,1.0
你管人开多少度呢？,北京,男,268,179,2682,2025-07-16 09:59:11+08:00,开空调最好别低于这个温度,积极,0.9399999976158142
你管我开多少度，你中日友好医院算个什么玩意,湖北,女,217,32,240,2025-07-16 10:05:54+08:00,开空调最好别低于这个温度,积极,1.0
27度天天冷醒  主要还有个黄古林凉席,广东,男,8,31,5,2025-07-16 09:58:56+08:00,开空调最好别低于这个温度,中性,0.25999999046325684
“人们长期在空调冷风环境下工作和生活，出现头晕、头痛、食欲不振、发热咳嗽、关节酸痛等” —— 胡说八道。只要温度不过低，不长时间直接吹风，哪里会有什么病。这个是砖家，不是专家。,海外,男,126,79,7714,2025-07-16 09:56:02+08:00,开空调最好别低于这个温度,积极,1.0
不低于26度，难不成开30度吗,河南,女,29,90,418,2025-07-16 09:52:52+08:00,开空调最好别低于这个温度,积极,0.9200000166893005
转发微博,河南,男,25,439,41527,2025-07-16 09:47:53+08:00,开空调最好别低于这个温度,中性,0.36000001430511475
每天25,湖北,女,0,39,11,2025-07-16 09:41:50+08:00,开空调最好别低于这个温度,积极,0.4399999976158142
上海太热了，不开空调受不了,上海,男,1,26,3,2025-07-16 09:04:21+08:00,开空调最好别低于这个温度,中性,1.0
好,广东,女,0,21,0,2025-07-15 23:46:18+08:00,开空调最好别低于这个温度,中性,0.3199999928474426
友好个批,陕西,男,1,5,0,2025-07-16 10:03:07+08:00,开空调最好别低于这个温度,中性,0.4099999964237213
我都开23 度才凉快,浙江,女,163,652,1917,2025-07-16 09:55:30+08:00,开空调最好别低于这个温度,积极,0.6600000262260437
扯淡，26 度会热死人,广东,男,7,315,17,2025-07-16 09:38:50+08:00,开空调最好别低于这个温度,中性,0.5
好,上海,女,93,5154,3905,2025-07-16 06:06:32+08:00,开空调最好别低于这个温度,中性,0.3199999928474426
笑死，你还记得空调是用来干嘛的吗？蠢货，买来不让自己舒服是不是傻啊,海南,男,151,140,507,2025-07-16 10:10:59+08:00,开空调最好别低于这个温度,积极,1.0
以偏概全的东西，最恶心了,北京,女,131,424,3972,2025-07-16 10:10:25+08:00,开空调最好别低于这个温度,中性,0.9200000166893005
#开空调最好别低于这个温度# 我觉得还要看空调的性能和你的环境大小，温度不绝对，主要是看体感,湖北,男,604641,598,3772,2025-07-16 10:03:32+08:00,开空调最好别低于这个温度,积极,1.0
什么垃圾建议，我想开几度就几度…,广东,男,1502,359,1775,2025-07-16 09:53:21+08:00,开空调最好别低于这个温度,中性,0.949999988079071
空调电风扇一起感觉省电,广东,女,586,3254,2535,2025-07-16 09:25:06+08:00,开空调最好别低于这个温度,中性,0.9700000286102295
27度够了,浙江,女,1952,4958,4100,2025-07-16 09:24:25+08:00,开空调最好别低于这个温度,中性,0.44999998807907104
从来没这么用过,福建,女,1163,5410,4623,2025-07-16 09:24:15+08:00,开空调最好别低于这个温度,中性,0.7699999809265137
祛湿+26度,海外,女,383,1243,55733,2025-07-16 09:24:44+08:00,开空调最好别低于这个温度,中性,0.550000011920929
一般我都维持在27就行了,河北,女,13437,2803,72535,2025-07-16 09:23:16+08:00,开空调最好别低于这个温度,积极,0.5799999833106995
确实是,辽宁,女,898,5309,23568,2025-07-16 09:23:10+08:00,开空调最好别低于这个温度,中性,0.3799999952316284
反正来一整天,江苏,女,1928,8270,9268,2025-07-16 09:25:38+08:00,开空调最好别低于这个温度,积极,0.49000000953674316
无所谓,海外,男,316,998,22784,2025-07-16 09:23:11+08:00,开空调最好别低于这个温度,中性,0.5600000023841858
试试,天津,女,175,1750,33954,2025-07-16 09:27:30+08:00,开空调最好别低于这个温度,中性,0.46000000834465027
没有,天津,女,28,958,20628,2025-07-16 09:24:13+08:00,开空调最好别低于这个温度,中性,0.28999999165534973
无所谓,福建,男,657,4411,4980,2025-07-16 09:23:50+08:00,开空调最好别低于这个温度,中性,0.5600000023841858
我开27℃,台湾,女,463,300,269,2025-07-16 09:23:10+08:00,开空调最好别低于这个温度,中性,0.41999998688697815
省电靠模式，温度26起步,海外,女,1803185,19,110,2025-07-16 09:35:47+08:00,开空调最好别低于这个温度,积极,0.7200000286102295
嗯，是这个样子的,广东,女,2830,8585,6972,2025-07-16 09:23:26+08:00,开空调最好别低于这个温度,中性,0.41999998688697815
还没试过,福建,女,163,4244,5748,2025-07-16 09:23:29+08:00,开空调最好别低于这个温度,中性,0.6299999952316284
空调开26.7度还有啥意义必须lo,天津,男,266,295,607,2025-07-16 10:05:29+08:00,开空调最好别低于这个温度,中性,0.5
睡觉开28度还要盖个毛巾被,湖南,男,31,30,5,2025-07-16 09:58:54+08:00,开空调最好别低于这个温度,中性,0.949999988079071
不开最省电   买的起马 还配不起鞍了,陕西,男,30,42,160,2025-07-16 09:52:54+08:00,开空调最好别低于这个温度,积极,0.9900000095367432
风速自动呢,北京,女,483,2142,1822,2025-07-16 09:51:03+08:00,开空调最好别低于这个温度,中性,0.4699999988079071
等下去试试,福建,男,163,2895,2386,2025-07-16 09:23:39+08:00,开空调最好别低于这个温度,中性,0.5299999713897705
所谓26度就是扯淡，毫无科学依据，就是当年绿发组织之类为了自己利益大忽悠的，和每天关灯一分钟一样。,安徽,男,1503,720,9595,2025-07-16 09:52:11+08:00,开空调最好别低于这个温度,积极,1.0
可以,天津,女,1439,1075,31441,2025-07-16 09:26:21+08:00,开空调最好别低于这个温度,中性,0.3799999952316284
哦，最近多吃点猪肉,河南,女,21055,7566,8074,2025-10-28 10:30:33+08:00,猪肉自由了,积极,0.6499999761581421
牛羊肉大涨是什么原因,福建,男,23554,2101,4678,2025-10-28 07:58:21+08:00,猪肉自由了,中性,0.4000000059604645
猪肉太便宜,山东,男,154604,17619,121607,2025-10-28 07:39:36+08:00,猪肉自由了,中性,0.6700000166893005
大概因为又到了吃火锅的季节,黑龙江,女,112323,2718,4630,2025-10-28 07:38:06+08:00,猪肉自由了,积极,0.9300000071525574
牛羊肉确实涨了不少,湖北,男,12383,4488,3201,2025-10-28 07:37:48+08:00,猪肉自由了,中性,0.8899999856948853
吃永远在第一位,浙江,女,12679,2894,2116,2025-10-28 07:39:26+08:00,猪肉自由了,积极,0.8199999928474426
牛羊肉真的越来越吃不起了,广东,女,127041,1384,4611,2025-10-28 13:24:40+08:00,猪肉自由了,中性,0.8399999737739563
价格涨涨跌跌的循环,山东,女,12384,3282,2809,2025-10-28 08:17:12+08:00,猪肉自由了,中性,0.8799999952316284
牛肉没有肥的,北京,男,222846,1988,22677,2025-10-28 08:16:21+08:00,猪肉自由了,中性,0.33000001311302185
现在懂得养生了,山东,男,38574,11739,60753,2025-10-28 07:52:09+08:00,猪肉自由了,中性,0.41999998688697815
猪肉确实很便宜了,山东,女,122239,11268,19579,2025-10-28 07:38:45+08:00,猪肉自由了,中性,0.5199999809265137
养的猪人太多了,北京,男,28383,11477,1971,2025-10-28 07:52:48+08:00,猪肉自由了,中性,0.8700000047683716
继续贴贴,河南,女,33333,3641,4737,2025-04-26 00:58:13+08:00,猪肉自由了,中性,0.38999998569488525
互关鸭,江西,女,11627,7260,1919,2025-04-26 00:15:54+08:00,猪肉自由了,中性,0.4000000059604645
美国搬起石头砸自己的脚,北京,男,2841,1375,1169,2025-04-25 23:18:56+08:00,猪肉自由了,积极,0.8600000143051147
回复@财麻瓜呀 的表态:早,山西,女,7304,4804,5710,2025-04-26 06:39:04+08:00,猪肉自由了,积极,0.6700000166893005
回复@财白银 的表态:好,山西,女,7304,4804,5710,2025-04-26 06:38:59+08:00,猪肉自由了,积极,0.5
晚上好！,云南,女,9767,9654,470,2025-04-25 23:37:02+08:00,猪肉自由了,积极,0.47999998927116394
哦，最近多吃点猪肉,河南,女,21083,7577,8085,2025-10-28 10:30:33+08:00,猪肉自由了,积极,0.6499999761581421
牛羊肉大涨是什么原因,福建,男,23562,2101,4678,2025-10-28 07:58:21+08:00,猪肉自由了,中性,0.4000000059604645
猪肉太便宜,山东,男,154658,17667,121630,2025-10-28 07:39:36+08:00,猪肉自由了,中性,0.6700000166893005
大概因为又到了吃火锅的季节,黑龙江,女,112319,2718,4633,2025-10-28 07:38:06+08:00,猪肉自由了,积极,0.9300000071525574
牛羊肉确实涨了不少,湖北,男,12378,4488,3211,2025-10-28 07:37:48+08:00,猪肉自由了,中性,0.8899999856948853
吃永远在第一位,浙江,女,12681,2908,2119,2025-10-28 07:39:26+08:00,猪肉自由了,积极,0.8199999928474426
牛羊肉真的越来越吃不起了,广东,女,127083,1384,4618,2025-10-28 13:24:40+08:00,猪肉自由了,中性,0.8399999737739563
价格涨涨跌跌的循环,山东,女,12381,3282,2813,2025-10-28 08:17:12+08:00,猪肉自由了,中性,0.8799999952316284
牛肉没有肥的,北京,男,222818,1996,22707,2025-10-28 08:16:21+08:00,猪肉自由了,中性,0.33000001311302185
现在懂得养生了,山东,男,38661,11742,60760,2025-10-28 07:52:09+08:00,猪肉自由了,中性,0.41999998688697815
猪肉确实很便宜了,山东,女,122268,11274,19590,2025-10-28 07:38:45+08:00,猪肉自由了,中性,0.5199999809265137
养的猪人太多了,北京,男,28100,11477,1985,2025-10-28 07:52:48+08:00,猪肉自由了,中性,0.8700000047683716
继续贴贴,河南,女,33343,3642,4738,2025-04-26 00:58:13+08:00,猪肉自由了,中性,0.38999998569488525
互关鸭,江西,女,11625,7260,1919,2025-04-26 00:15:54+08:00,猪肉自由了,中性,0.4000000059604645
美国搬起石头砸自己的脚,北京,男,2840,1375,1169,2025-04-25 23:18:56+08:00,猪肉自由了,积极,0.8600000143051147
回复@财麻瓜呀 的表态:早,山西,女,7321,4804,5711,2025-04-26 06:39:04+08:00,猪肉自由了,积极,0.6700000166893005
回复@财白银 的表态:好,山西,女,7321,4804,5711,2025-04-26 06:38:59+08:00,猪肉自由了,积极,0.5
宝宝你是一战直接上岸的嘛还是二战呀 我一战备考一半放弃了 其实我现在还是有这个想法但是因为上班没有决心,河南,女,47,128,164,2026-04-18 17:17:12+08:00,考研,积极,1.0
宝宝你二战是什么时候开始的呀，换学校了吗,河南,女,21,290,599,2026-04-20 02:09:36+08:00,考研,积极,1.0
最紧锁考研英语📖做的很自闭 别人做对的越多我错的越多 明明自己英语也不差,广东,女,0,22,3,2026-04-20 12:53:04+08:00,考研,积极,1.0
谢谢宝宝我会努力的,山东,女,53,1312,3991,2026-04-18 17:52:58+08:00,考研,积极,0.800000011920929
bb想问问你二战是在哪备考的啊 感觉在家会学不进去但在外租房又是一大笔开销,四川,女,4,580,178,2026-04-19 00:28:35+08:00,考研,积极,0.9900000095367432
失眠怎么办,广东,女,285,307,8739,2026-04-18 23:06:26+08:00,考研,中性,0.6299999952316284
谢谢宝宝分享,陕西,女,36,425,88,2026-04-18 20:33:50+08:00,考研,积极,0.75
Mark笔记(๑•̀ω•́๑)📝,北京,女,542,530,1780,2026-04-23 16:15:32+08:00,考研,中性,0.4099999964237213
宝宝我想问一下一天一篇真题阅读是先练老题再练新题嘛，真题练完了是从头重新开始再练一遍嘛,安徽,女,341,857,7215,2026-04-19 19:09:02+08:00,考研,积极,1.0
谢谢宝宝分享,江苏,男,79,2170,119,2026-04-20 22:29:46+08:00,考研,积极,0.75
谢谢宝宝！,海外,女,30,342,756,2026-04-18 23:20:40+08:00,考研,积极,0.7799999713897705
加油考研人,山东,女,8977,2824,2166,2026-04-01 20:30:27+08:00,考研,中性,0.27000001072883606
